TRANSACTION_DIM_ID,TRANSACTION_ID,TRANSACTION_DATE,TRANSACTION_AMOUNT,TRANSACTION_TYPE,DISPATCH_DATE,EXPECTED_DATE,DELIVERY_DATE
1,5223,12-Aug-11,1900,COD,13-Aug-11,16-Aug-11,16-Aug-11
2,5330,27-Nov-11,2100,NET BANKING,28-Nov-11,01-Dec-11,01-Dec-11
3,5341,08-Dec-11,1800,CREDIT CARD,09-Dec-11,12-Dec-11,12-Dec-11
4,5741,11-Jan-13,600,COD,12-Jan-13,15-Jan-13,15-Jan-13
5,5860,11-May-13,8500,PAYPAL,11-May-13,14-May-13,14-May-13
6,5995,22-Sep-13,16000,COD,23-Sep-13,26-Sep-13,27-Sep-13
7,5440,15-Mar-12,30000,NET BANKING,17-Mar-12,20-Mar-12,20-Mar-12
8,5465,10-Apr-12,1600,PAYPAL,11-Apr-12,14-Apr-12,14-Apr-12
9,5472,17-Apr-12,650,CREDIT CARD,18-Apr-12,21-Apr-12,21-Apr-12
10,5542,26-Jun-12,4800,DEBIT CARD,27-Jun-12,30-Jun-12,30-Jun-12
11,5974,01-Sep-13,350,NET BANKING,02-Sep-13,05-Sep-13,05-Sep-13
12,5284,12-Oct-11,2300,CREDIT CARD,13-Oct-11,16-Oct-11,16-Oct-11
13,5331,28-Nov-11,3800,CREDIT CARD,29-Nov-11,02-Dec-11,02-Dec-11
14,5500,15-May-12,3800,CREDIT CARD,16-May-12,19-May-12,19-May-12
15,5584,07-Aug-12,2000,NET BANKING,08-Aug-12,11-Aug-12,11-Aug-12
16,5376,12-Jan-12,2450,PAYPAL,13-Jan-12,16-Jan-12,16-Jan-12
17,5749,19-Jan-13,1600,PAYPAL,20-Jan-13,23-Jan-13,23-Jan-13
18,5090,01-Apr-11,2900,COD,02-Apr-11,05-Apr-11,05-Apr-11
19,5367,03-Jan-12,4400,CREDIT CARD,04-Jan-12,07-Jan-12,07-Jan-12
20,5511,26-May-12,40500,PAYPAL,27-May-12,30-May-12,31-May-12
21,5886,05-Jun-13,16500,DEBIT CARD,06-Jun-13,09-Jun-13,09-Jun-13
22,5609,01-Sep-12,1020,NET BANKING,02-Sep-12,05-Sep-12,05-Sep-12
23,5004,05-Jan-11,26000,NET BANKING,06-Jan-11,09-Jan-11,09-Jan-11
24,5035,05-Feb-11,7000,PAYPAL,06-Feb-11,09-Feb-11,09-Feb-11
25,5135,16-May-11,650,CREDIT CARD,17-May-11,20-May-11,20-May-11
26,5755,24-Jan-13,5050,CREDIT CARD,26-Jan-13,29-Jan-13,29-Jan-13
27,5828,08-Apr-13,750,COD,09-Apr-13,12-Apr-13,12-Apr-13
28,5015,16-Jan-11,1400,CREDIT CARD,17-Jan-11,20-Jan-11,20-Jan-11
29,5407,12-Feb-12,34000,PAYPAL,13-Feb-12,16-Feb-12,16-Feb-12
30,5637,29-Sep-12,3800,PAYPAL,30-Sep-12,03-Oct-12,03-Oct-12
31,5014,15-Jan-11,1250,NET BANKING,16-Jan-11,19-Jan-11,19-Jan-11
32,5020,20-Jan-11,900,PAYPAL,22-Jan-11,25-Jan-11,25-Jan-11
33,5531,15-Jun-12,650,PAYPAL,16-Jun-12,19-Jun-12,19-Jun-12
34,5936,25-Jul-13,1750,DEBIT CARD,26-Jul-13,29-Jul-13,29-Jul-13
35,5198,18-Jul-11,3800,CREDIT CARD,19-Jul-11,22-Jul-11,22-Jul-11
36,5328,25-Nov-11,750,COD,26-Nov-11,29-Nov-11,29-Nov-11
37,5343,10-Dec-11,2300,CREDIT CARD,11-Dec-11,14-Dec-11,14-Dec-11
38,5403,08-Feb-12,48000,NET BANKING,09-Feb-12,12-Feb-12,12-Feb-12
39,5467,12-Apr-12,2100,NET BANKING,13-Apr-12,16-Apr-12,16-Apr-12
40,5598,21-Aug-12,750,COD,22-Aug-12,25-Aug-12,25-Aug-12
41,5975,02-Sep-13,4800,DEBIT CARD,03-Sep-13,06-Sep-13,06-Sep-13
42,5059,01-Mar-11,2500,DEBIT CARD,02-Mar-11,05-Mar-11,05-Mar-11
43,5450,26-Mar-12,13000,COD,27-Mar-12,30-Mar-12,30-Mar-12
44,5064,06-Mar-11,2100,NET BANKING,07-Mar-11,10-Mar-11,10-Mar-11
45,5091,02-Apr-11,38000,NET BANKING,03-Apr-11,06-Apr-11,06-Apr-11
46,5121,02-May-11,650,PAYPAL,03-May-11,06-May-11,06-May-11
47,5324,21-Nov-11,2900,COD,22-Nov-11,25-Nov-11,25-Nov-11
48,5358,25-Dec-11,16500,DEBIT CARD,26-Dec-11,29-Dec-11,29-Dec-11
49,5434,10-Mar-12,2050,COD,11-Mar-12,14-Mar-12,14-Mar-12
50,5438,14-Mar-12,1350,DEBIT CARD,15-Mar-12,18-Mar-12,18-Mar-12
51,5454,30-Mar-12,1400,COD,31-Mar-12,03-Apr-12,03-Apr-12
52,5644,06-Oct-12,1350,DEBIT CARD,07-Oct-12,10-Oct-12,10-Oct-12
53,5697,28-Nov-12,650,PAYPAL,29-Nov-12,02-Dec-12,02-Dec-12
54,5759,29-Jan-13,5800,NET BANKING,30-Jan-13,02-Feb-13,02-Feb-13
55,5188,08-Jul-11,1950,NET BANKING,09-Jul-11,12-Jul-11,12-Jul-11
56,5280,08-Oct-11,40000,DEBIT CARD,09-Oct-11,12-Oct-11,12-Oct-11
57,5390,26-Jan-12,1400,CREDIT CARD,27-Jan-12,30-Jan-12,30-Jan-12
58,5607,30-Aug-12,2000,NET BANKING,31-Aug-12,03-Sep-12,03-Sep-12
59,5054,24-Feb-11,600,COD,25-Feb-11,28-Feb-11,28-Feb-11
60,5128,09-May-11,7000,PAYPAL,10-May-11,13-May-11,13-May-11
61,5179,29-Jun-11,31000,COD,30-Jun-11,03-Jul-11,03-Jul-11
62,5626,18-Sep-12,8000,NET BANKING,19-Sep-12,22-Sep-12,22-Sep-12
63,5720,21-Dec-12,1100,NET BANKING,22-Dec-12,25-Dec-12,25-Dec-12
64,5430,06-Mar-12,3200,DEBIT CARD,07-Mar-12,10-Mar-12,10-Mar-12
65,5551,05-Jul-12,19000,COD,06-Jul-12,09-Jul-12,09-Jul-12
66,5660,22-Oct-12,650,CREDIT CARD,23-Oct-12,26-Oct-12,26-Oct-12
67,5771,10-Feb-13,800,NET BANKING,11-Feb-13,14-Feb-13,14-Feb-13
68,5384,20-Jan-12,42000,DEBIT CARD,21-Jan-12,24-Jan-12,24-Jan-12
69,5666,28-Oct-12,500,COD,29-Oct-12,01-Nov-12,01-Nov-12
70,5763,02-Feb-13,1900,COD,03-Feb-13,06-Feb-13,06-Feb-13
71,5039,08-Feb-11,650,COD,10-Feb-11,13-Feb-11,13-Feb-11
72,5377,13-Jan-12,1250,COD,14-Jan-12,17-Jan-12,17-Jan-12
73,5382,18-Jan-12,40500,PAYPAL,19-Jan-12,22-Jan-12,22-Jan-12
74,5468,13-Apr-12,550,DEBIT CARD,14-Apr-12,17-Apr-12,17-Apr-12
75,5069,11-Mar-11,650,CREDIT CARD,12-Mar-11,15-Mar-11,15-Mar-11
76,5083,25-Mar-11,4900,NET BANKING,26-Mar-11,29-Mar-11,29-Mar-11
77,5171,21-Jun-11,6200,COD,22-Jun-11,25-Jun-11,25-Jun-11
78,5344,11-Dec-11,350,NET BANKING,12-Dec-11,15-Dec-11,15-Dec-11
79,5675,06-Nov-12,13000,COD,07-Nov-12,10-Nov-12,10-Nov-12
80,5722,23-Dec-12,7000,PAYPAL,24-Dec-12,27-Dec-12,27-Dec-12
81,5829,09-Apr-13,1950,NET BANKING,10-Apr-13,13-Apr-13,13-Apr-13
82,5133,14-May-11,650,COD,15-May-11,18-May-11,18-May-11
83,5425,01-Mar-12,650,COD,02-Mar-12,05-Mar-12,05-Mar-12
84,5895,14-Jun-13,4400,CREDIT CARD,15-Jun-13,18-Jun-13,18-Jun-13
85,5968,26-Aug-13,4500,COD,27-Aug-13,30-Aug-13,30-Aug-13
86,5074,16-Mar-11,500,PAYPAL,17-Mar-11,20-Mar-11,20-Mar-11
87,5201,21-Jul-11,600,COD,22-Jul-11,25-Jul-11,25-Jul-11
88,5207,26-Jul-11,4400,CREDIT CARD,28-Jul-11,31-Jul-11,31-Jul-11
89,5307,06-Nov-11,650,PAYPAL,05-Nov-11,08-Nov-11,08-Nov-11
90,5851,01-May-13,1350,CREDIT CARD,02-May-13,05-May-13,05-May-13
91,5897,16-Jun-13,1600,PAYPAL,17-Jun-13,20-Jun-13,20-Jun-13
92,5944,02-Aug-13,40500,PAYPAL,03-Aug-13,06-Aug-13,06-Aug-13
93,5066,08-Mar-11,1100,DEBIT CARD,09-Mar-11,12-Mar-11,12-Mar-11
94,5267,25-Sep-11,32500,NET BANKING,26-Sep-11,29-Sep-11,29-Sep-11
95,5587,10-Aug-12,4900,NET BANKING,11-Aug-12,14-Aug-12,14-Aug-12
96,5663,25-Oct-12,5800,NET BANKING,26-Oct-12,29-Oct-12,29-Oct-12
97,5723,24-Dec-12,2300,CREDIT CARD,25-Dec-12,28-Dec-12,28-Dec-12
98,5775,14-Feb-13,50000,NET BANKING,15-Feb-13,18-Feb-13,18-Feb-13
99,5792,03-Mar-13,26000,NET BANKING,04-Mar-13,07-Mar-13,07-Mar-13
100,5219,08-Aug-11,5800,NET BANKING,09-Aug-11,12-Aug-11,12-Aug-11
101,5389,25-Jan-12,1250,NET BANKING,26-Jan-12,29-Jan-12,29-Jan-12
102,5514,29-May-12,1400,COD,30-May-12,02-Jun-12,02-Jun-12
103,5567,21-Jul-12,49000,NET BANKING,22-Jul-12,25-Jul-12,25-Jul-12
104,5696,27-Nov-12,650,PAYPAL,28-Nov-12,01-Dec-12,01-Dec-12
105,5846,26-Apr-13,2650,DEBIT CARD,27-Apr-13,30-Apr-13,30-Apr-13
106,5971,29-Aug-13,1800,CREDIT CARD,30-Aug-13,02-Sep-13,02-Sep-13
107,5175,25-Jun-11,1020,NET BANKING,26-Jun-11,29-Jun-11,29-Jun-11
108,5265,25-Sep-11,4500,NET BANKING,24-Sep-11,27-Sep-11,27-Sep-11
109,5314,11-Nov-11,2000,NET BANKING,12-Nov-11,15-Nov-11,15-Nov-11
110,5702,03-Dec-12,1100,NET BANKING,04-Dec-12,07-Dec-12,07-Dec-12
111,5807,18-Mar-13,650,PAYPAL,19-Mar-13,22-Mar-13,20-Mar-13
112,5918,07-Jul-13,2050,COD,08-Jul-13,11-Jul-13,11-Jul-13
113,5111,22-Apr-11,48000,NET BANKING,23-Apr-11,26-Apr-11,26-Apr-11
114,5136,17-May-11,1550,COD,18-May-11,21-May-11,21-May-11
115,5152,02-Jun-11,2500,DEBIT CARD,03-Jun-11,06-Jun-11,07-Jun-11
116,5225,14-Aug-11,6200,COD,15-Aug-11,18-Aug-11,18-Aug-11
117,5347,14-Dec-11,650,COD,15-Dec-11,18-Dec-11,18-Dec-11
118,5422,27-Feb-12,350,NET BANKING,28-Feb-12,02-Mar-12,02-Mar-12
119,5802,13-Mar-13,1250,NET BANKING,14-Mar-13,17-Mar-13,17-Mar-13
120,5431,07-Mar-12,3800,PAYPAL,08-Mar-12,11-Mar-12,11-Mar-12
121,5483,28-Apr-12,2000,NET BANKING,29-Apr-12,02-May-12,02-May-12
122,5770,09-Feb-13,4900,NET BANKING,10-Feb-13,13-Feb-13,13-Feb-13
123,5856,06-May-13,1460,COD,07-May-13,10-May-13,10-May-13
124,5946,04-Aug-13,42000,DEBIT CARD,05-Aug-13,08-Aug-13,08-Aug-13
125,5970,28-Aug-13,1100,NET BANKING,29-Aug-13,01-Sep-13,02-Sep-13
126,5086,28-Mar-11,31000,COD,29-Mar-11,01-Apr-11,01-Apr-11
127,5867,17-May-13,40000,DEBIT CARD,18-May-13,21-May-13,21-May-13
128,5989,16-Sep-13,650,NET BANKING,17-Sep-13,20-Sep-13,20-Sep-13
129,5146,27-May-11,1350,DEBIT CARD,28-May-11,31-May-11,31-May-11
130,5418,23-Feb-12,1100,NET BANKING,24-Feb-12,27-Feb-12,27-Feb-12
131,5419,24-Feb-12,1800,CREDIT CARD,25-Feb-12,28-Feb-12,28-Feb-12
132,5443,19-Mar-12,1150,COD,20-Mar-12,23-Mar-12,23-Mar-12
133,5619,11-Sep-12,2200,PAYPAL,12-Sep-12,15-Sep-12,15-Sep-12
134,5831,11-Apr-13,3800,CREDIT CARD,12-Apr-13,15-Apr-13,15-Apr-13
135,5941,30-Jul-13,26000,NET BANKING,31-Jul-13,03-Aug-13,03-Aug-13
136,5168,19-Jun-11,500,COD,19-Jun-11,22-Jun-11,22-Jun-11
137,5504,19-May-12,8500,NET BANKING,20-May-12,23-May-12,23-May-12
138,5530,14-Jun-12,41000,PAYPAL,15-Jun-12,18-Jun-12,18-Jun-12
139,5945,03-Aug-13,650,CREDIT CARD,04-Aug-13,07-Aug-13,07-Aug-13
140,5002,01-Jan-11,1250,COD,02-Jan-11,07-Jan-11,07-Jan-11
141,5379,15-Jan-12,26000,NET BANKING,16-Jan-12,19-Jan-12,19-Jan-12
142,5622,14-Sep-12,1950,NET BANKING,15-Sep-12,18-Sep-12,18-Sep-12
143,5639,01-Oct-12,5400,COD,02-Oct-12,05-Oct-12,05-Oct-12
144,5658,20-Oct-12,1750,DEBIT CARD,21-Oct-12,24-Oct-12,24-Oct-12
145,5682,13-Nov-12,3200,PAYPAL,14-Nov-12,17-Nov-12,17-Nov-12
146,5714,15-Dec-12,650,PAYPAL,16-Dec-12,19-Dec-12,19-Dec-12
147,5729,30-Dec-12,650,CREDIT CARD,31-Dec-12,03-Jan-13,03-Jan-13
148,5838,18-Apr-13,6750,NET BANKING,19-Apr-13,22-Apr-13,22-Apr-13
149,5902,21-Jun-13,1750,DEBIT CARD,22-Jun-13,25-Jun-13,25-Jun-13
150,5903,22-Jun-13,5050,CREDIT CARD,23-Jun-13,26-Jun-13,26-Jun-13
151,5065,07-Mar-11,550,DEBIT CARD,08-Mar-11,11-Mar-11,10-Mar-11
152,5078,20-Mar-11,6200,COD,21-Mar-11,24-Mar-11,24-Mar-11
153,5114,25-Apr-11,1460,COD,26-Apr-11,29-Apr-11,29-Apr-11
154,5129,10-May-11,2300,CREDIT CARD,11-May-11,14-May-11,14-May-11
155,5887,05-Jun-13,4800,COD,07-Jun-13,10-Jun-13,10-Jun-13
156,5891,10-Jun-13,29000,DEBIT CARD,11-Jun-13,14-Jun-13,14-Jun-13
157,5914,02-Jul-13,3200,DEBIT CARD,04-Jul-13,07-Jul-13,07-Jul-13
158,5529,13-Jun-12,8500,PAYPAL,14-Jun-12,17-Jun-12,17-Jun-12
159,5850,30-Apr-13,1400,CREDIT CARD,01-May-13,04-May-13,04-May-13
160,5929,18-Jul-13,4400,CREDIT CARD,19-Jul-13,22-Jul-13,22-Jul-13
161,5963,21-Aug-13,41000,PAYPAL,22-Aug-13,25-Aug-13,25-Aug-13
162,5270,28-Sep-11,34000,PAYPAL,29-Sep-11,02-Oct-11,02-Oct-11
163,5866,16-May-13,4500,COD,17-May-13,20-May-13,20-May-13
164,5976,03-Sep-13,5050,CREDIT CARD,04-Sep-13,07-Sep-13,07-Sep-13
165,5151,01-Jun-11,1150,COD,02-Jun-11,05-Jun-11,05-Jun-11
166,5528,12-Jun-12,6200,PAYPAL,13-Jun-12,16-Jun-12,15-Jun-12
167,5961,19-Aug-13,6200,PAYPAL,20-Aug-13,23-Aug-13,23-Aug-13
168,5169,19-Jun-11,1900,COD,20-Jun-11,23-Jun-11,23-Jun-11
169,5212,01-Aug-11,550,DEBIT CARD,02-Aug-11,05-Aug-11,05-Aug-11
170,5372,08-Jan-12,550,DEBIT CARD,09-Jan-12,12-Jan-12,12-Jan-12
171,5452,28-Mar-12,650,CREDIT CARD,29-Mar-12,01-Apr-12,01-Apr-12
172,5534,18-Jun-12,18000,NET BANKING,19-Jun-12,22-Jun-12,22-Jun-12
173,5677,08-Nov-12,650,CREDIT CARD,09-Nov-12,12-Nov-12,12-Nov-12
174,5864,14-May-13,5900,DEBIT CARD,15-May-13,18-May-13,18-May-13
175,5997,25-Sep-13,650,DEBIT CARD,25-Sep-13,28-Sep-13,28-Sep-13
176,5241,30-Aug-11,750,COD,31-Aug-11,03-Sep-11,03-Sep-11
177,5685,16-Nov-12,1350,CREDIT CARD,17-Nov-12,20-Nov-12,20-Nov-12
178,5772,11-Feb-13,2100,COD,12-Feb-13,15-Feb-13,15-Feb-13
179,5781,20-Feb-13,750,COD,21-Feb-13,24-Feb-13,24-Feb-13
180,5026,28-Jan-11,41000,PAYPAL,28-Jan-11,31-Jan-11,31-Jan-11
181,5326,23-Nov-11,2200,PAYPAL,24-Nov-11,27-Nov-11,27-Nov-11
182,5757,27-Jan-13,750,NET BANKING,28-Jan-13,31-Jan-13,31-Jan-13
183,5818,29-Mar-13,800,NET BANKING,30-Mar-13,02-Apr-13,02-Apr-13
184,5859,09-May-13,6200,PAYPAL,10-May-13,13-May-13,13-May-13
185,5930,19-Jul-13,3800,PAYPAL,20-Jul-13,23-Jul-13,23-Jul-13
186,5987,14-Sep-13,2300,COD,15-Sep-13,18-Sep-13,19-Sep-13
187,5106,17-Apr-11,3200,PAYPAL,18-Apr-11,21-Apr-11,21-Apr-11
188,5313,09-Nov-11,2300,COD,11-Nov-11,14-Nov-11,14-Nov-11
189,5621,13-Sep-12,750,COD,14-Sep-12,17-Sep-12,17-Sep-12
190,5788,27-Feb-13,8500,NET BANKING,28-Feb-13,03-Mar-13,03-Mar-13
191,5826,06-Apr-13,2200,PAYPAL,07-Apr-13,10-Apr-13,10-Apr-13
192,5934,23-Jul-13,550,DEBIT CARD,24-Jul-13,27-Jul-13,27-Jul-13
193,5317,14-Nov-11,4900,NET BANKING,15-Nov-11,18-Nov-11,18-Nov-11
194,5400,05-Feb-12,8500,PAYPAL,06-Feb-12,09-Feb-12,09-Feb-12
195,5420,25-Feb-12,7000,PAYPAL,26-Feb-12,29-Feb-12,29-Feb-12
196,5436,12-Mar-12,16500,DEBIT CARD,13-Mar-12,16-Mar-12,16-Mar-12
197,5916,05-Jul-13,19000,COD,06-Jul-13,09-Jul-13,09-Jul-13
198,5163,13-Jun-11,750,NET BANKING,14-Jun-11,17-Jun-11,17-Jun-11
199,5176,26-Jun-11,4900,NET BANKING,27-Jun-11,30-Jun-11,30-Jun-11
200,5229,18-Aug-11,1020,NET BANKING,19-Aug-11,22-Aug-11,22-Aug-11
201,5239,28-Aug-11,2200,PAYPAL,29-Aug-11,01-Sep-11,01-Sep-11
202,5399,04-Feb-12,6200,PAYPAL,05-Feb-12,08-Feb-12,08-Feb-12
203,5801,12-Mar-13,3200,PAYPAL,13-Mar-13,16-Mar-13,16-Mar-13
204,5040,10-Feb-11,650,COD,11-Feb-11,14-Feb-11,14-Feb-11
205,5335,02-Dec-11,650,PAYPAL,03-Dec-11,06-Dec-11,06-Dec-11
206,5444,20-Mar-12,8500,NET BANKING,21-Mar-12,24-Mar-12,24-Mar-12
207,5469,13-Apr-12,1100,DEBIT CARD,15-Apr-12,18-Apr-12,18-Apr-12
208,5693,24-Nov-12,6200,PAYPAL,25-Nov-12,28-Nov-12,28-Nov-12
209,5942,31-Jul-13,36000,COD,01-Aug-13,04-Aug-13,04-Aug-13
210,5156,06-Jun-11,49000,NET BANKING,07-Jun-11,10-Jun-11,10-Jun-11
211,5216,05-Aug-11,650,CREDIT CARD,06-Aug-11,09-Aug-11,09-Aug-11
212,5473,18-Apr-12,750,NET BANKING,19-Apr-12,22-Apr-12,22-Apr-12
213,5579,02-Aug-12,500,COD,03-Aug-12,06-Aug-12,06-Aug-12
214,5812,22-Mar-13,6200,COD,24-Mar-13,27-Mar-13,27-Mar-13
215,5061,02-Mar-11,3800,PAYPAL,04-Mar-11,07-Mar-11,07-Mar-11
216,5164,14-Jun-11,10000,NET BANKING,15-Jun-11,18-Jun-11,18-Jun-11
217,5199,19-Jul-11,2200,CREDIT CARD,20-Jul-11,23-Jul-11,23-Jul-11
218,5365,01-Jan-12,1150,COD,02-Jan-12,05-Jan-12,05-Jan-12
219,5678,09-Nov-12,42000,DEBIT CARD,10-Nov-12,13-Nov-12,13-Nov-12
220,5731,01-Jan-13,3600,PAYPAL,02-Jan-13,05-Jan-13,05-Jan-13
221,5844,24-Apr-13,42000,DEBIT CARD,25-Apr-13,28-Apr-13,28-Apr-13
222,5118,29-Apr-11,8500,PAYPAL,30-Apr-11,03-May-11,03-May-11
223,5927,16-Jul-13,1150,COD,17-Jul-13,20-Jul-13,20-Jul-13
224,5985,12-Sep-13,5800,DEBIT CARD,13-Sep-13,16-Sep-13,16-Sep-13
225,5022,23-Jan-11,34000,PAYPAL,24-Jan-11,27-Jan-11,27-Jan-11
226,5044,15-Feb-11,3600,PAYPAL,15-Feb-11,18-Feb-11,18-Feb-11
227,5217,06-Aug-11,750,NET BANKING,07-Aug-11,10-Aug-11,10-Aug-11
228,5516,31-May-12,3500,DEBIT CARD,01-Jun-12,04-Jun-12,04-Jun-12
229,5535,19-Jun-12,4500,COD,20-Jun-12,23-Jun-12,23-Jun-12
230,5933,22-Jul-13,2100,NET BANKING,23-Jul-13,26-Jul-13,26-Jul-13
231,5021,22-Jan-11,1460,COD,23-Jan-11,26-Jan-11,26-Jan-11
232,5623,15-Sep-12,2100,NET BANKING,16-Sep-12,19-Sep-12,19-Sep-12
233,5822,02-Apr-13,50000,NET BANKING,03-Apr-13,06-Apr-13,06-Apr-13
234,5348,15-Dec-11,42500,DEBIT CARD,16-Dec-11,19-Dec-11,19-Dec-11
235,5545,28-Jun-12,42500,DEBIT CARD,30-Jun-12,03-Jul-12,03-Jul-12
236,5795,06-Mar-13,40500,PAYPAL,07-Mar-13,10-Mar-13,11-Mar-13
237,5079,21-Mar-11,2300,COD,22-Mar-11,25-Mar-11,25-Mar-11
238,5191,11-Jul-11,1250,COD,12-Jul-11,15-Jul-11,15-Jul-11
239,5311,06-Nov-11,5800,DEBIT CARD,09-Nov-11,12-Nov-11,12-Nov-11
240,5397,02-Feb-12,34000,PAYPAL,03-Feb-12,06-Feb-12,06-Feb-12
241,5965,23-Aug-13,650,PAYPAL,24-Aug-13,27-Aug-13,27-Aug-13
242,5042,12-Feb-11,650,CREDIT CARD,13-Feb-11,16-Feb-11,16-Feb-11
243,5172,22-Jun-11,2300,COD,23-Jun-11,26-Jun-11,26-Jun-11
244,5816,27-Mar-13,1020,NET BANKING,28-Mar-13,31-Mar-13,31-Mar-13
245,5034,02-Feb-11,1800,CREDIT CARD,05-Feb-11,08-Feb-11,08-Feb-11
246,5525,09-Jun-12,1460,COD,10-Jun-12,13-Jun-12,13-Jun-12
247,5695,26-Nov-12,41000,PAYPAL,27-Nov-12,30-Nov-12,30-Nov-12
248,5898,17-Jun-13,49000,NET BANKING,18-Jun-13,21-Jun-13,21-Jun-13
249,5932,21-Jul-13,49000,NET BANKING,22-Jul-13,25-Jul-13,25-Jul-13
250,5349,16-Dec-11,650,CREDIT CARD,17-Dec-11,20-Dec-11,20-Dec-11
251,5575,29-Jul-12,10000,NET BANKING,30-Jul-12,02-Aug-12,03-Aug-12
252,5627,19-Sep-12,35000,DEBIT CARD,20-Sep-12,23-Sep-12,23-Sep-12
253,5869,19-May-13,1800,CREDIT CARD,20-May-13,23-May-13,23-May-13
254,5908,27-Jun-13,650,COD,28-Jun-13,01-Jul-13,01-Jul-13
255,5984,11-Sep-13,1900,COD,12-Sep-13,15-Sep-13,15-Sep-13
256,5226,15-Aug-11,2300,COD,16-Aug-11,19-Aug-11,19-Aug-11
257,5481,26-Apr-12,6200,COD,27-Apr-12,30-Apr-12,30-Apr-12
258,5544,28-Jun-12,650,COD,29-Jun-12,02-Jul-12,02-Jul-12
259,5394,30-Jan-12,32500,NET BANKING,31-Jan-12,03-Feb-12,03-Feb-12
260,5081,23-Mar-11,650,NET BANKING,24-Mar-11,27-Mar-11,28-Mar-11
261,5126,07-May-11,1100,NET BANKING,08-May-11,11-May-11,11-May-11
262,5361,28-Dec-11,600,COD,29-Dec-11,01-Jan-12,01-Jan-12
263,5524,08-Jun-12,900,PAYPAL,09-Jun-12,12-Jun-12,12-Jun-12
264,5546,30-Jun-12,650,CREDIT CARD,01-Jul-12,04-Jul-12,04-Jul-12
265,5633,25-Sep-12,650,CREDIT CARD,26-Sep-12,29-Sep-12,29-Sep-12
266,5672,03-Nov-12,6750,NET BANKING,04-Nov-12,07-Nov-12,07-Nov-12
267,5815,26-Mar-13,650,NET BANKING,27-Mar-13,30-Mar-13,30-Mar-13
268,5173,23-Jun-11,2000,NET BANKING,24-Jun-11,27-Jun-11,27-Jun-11
269,5208,28-Jul-11,3800,PAYPAL,29-Jul-11,01-Aug-11,01-Aug-11
270,5295,23-Oct-11,19000,COD,24-Oct-11,27-Oct-11,27-Oct-11
271,5690,21-Nov-12,1460,COD,22-Nov-12,25-Nov-12,25-Nov-12
272,5764,03-Feb-13,5800,DEBIT CARD,04-Feb-13,07-Feb-13,07-Feb-13
273,5125,06-May-11,40000,DEBIT CARD,07-May-11,10-May-11,10-May-11
274,5263,21-Sep-11,1400,CREDIT CARD,22-Sep-11,25-Sep-11,25-Sep-11
275,5491,06-May-12,50000,NET BANKING,07-May-12,10-May-12,10-May-12
276,5557,11-Jul-12,1350,DEBIT CARD,12-Jul-12,15-Jul-12,15-Jul-12
277,5769,08-Feb-13,1020,NET BANKING,09-Feb-13,12-Feb-13,12-Feb-13
278,5951,09-Aug-13,1250,NET BANKING,10-Aug-13,13-Aug-13,13-Aug-13
279,5955,13-Aug-13,48000,NET BANKING,14-Aug-13,17-Aug-13,17-Aug-13
280,5213,02-Aug-11,1100,DEBIT CARD,03-Aug-11,06-Aug-11,06-Aug-11
281,5246,04-Sep-11,8000,NET BANKING,05-Sep-11,08-Sep-11,08-Sep-11
282,5392,28-Jan-12,4500,NET BANKING,29-Jan-12,01-Feb-12,01-Feb-12
283,5474,19-Apr-12,10000,NET BANKING,20-Apr-12,23-Apr-12,23-Apr-12
284,5549,03-Jul-12,3200,DEBIT CARD,04-Jul-12,07-Jul-12,07-Jul-12
285,5569,23-Jul-12,550,DEBIT CARD,24-Jul-12,27-Jul-12,27-Jul-12
286,5699,30-Nov-12,18000,NET BANKING,01-Dec-12,04-Dec-12,04-Dec-12
287,5724,25-Dec-12,350,NET BANKING,26-Dec-12,29-Dec-12,29-Dec-12
288,5855,05-May-13,900,PAYPAL,06-May-13,09-May-13,09-May-13
289,5301,29-Oct-11,1350,DEBIT CARD,30-Oct-11,02-Nov-11,02-Nov-11
290,5342,09-Dec-11,7000,PAYPAL,10-Dec-11,13-Dec-11,13-Dec-11
291,5477,22-Apr-12,500,PAYPAL,23-Apr-12,26-Apr-12,26-Apr-12
292,5502,17-May-12,8000,NET BANKING,18-May-12,21-May-12,21-May-12
293,5643,05-Oct-12,4800,COD,06-Oct-12,09-Oct-12,09-Oct-12
294,5849,29-Apr-13,1250,NET BANKING,30-Apr-13,03-May-13,03-May-13
295,5016,17-Jan-11,1350,CREDIT CARD,18-Jan-11,21-Jan-11,21-Jan-11
296,5214,03-Aug-11,1750,DEBIT CARD,04-Aug-11,07-Aug-11,07-Aug-11
297,5318,15-Nov-11,800,NET BANKING,16-Nov-11,19-Nov-11,19-Nov-11
298,5489,04-May-12,31000,COD,05-May-12,08-May-12,08-May-12
299,5603,26-Aug-12,8000,NET BANKING,27-Aug-12,30-Aug-12,30-Aug-12
300,5017,18-Jan-11,4500,NET BANKING,19-Jan-11,22-Jan-11,22-Jan-11
301,5253,11-Sep-11,36000,COD,12-Sep-11,15-Sep-11,15-Sep-11
302,5618,10-Sep-12,38000,NET BANKING,11-Sep-12,14-Sep-12,14-Sep-12
303,5727,28-Dec-12,650,COD,29-Dec-12,01-Jan-13,01-Jan-13
304,5149,30-May-11,29000,DEBIT CARD,31-May-11,03-Jun-11,03-Jun-11
305,5290,18-Oct-11,650,CREDIT CARD,19-Oct-11,22-Oct-11,22-Oct-11
306,5095,06-Apr-11,1950,NET BANKING,07-Apr-11,10-Apr-11,10-Apr-11
307,5406,11-Feb-12,1460,COD,12-Feb-12,15-Feb-12,15-Feb-12
308,5711,12-Dec-12,6200,PAYPAL,13-Dec-12,16-Dec-12,16-Dec-12
309,5780,19-Feb-13,52000,COD,20-Feb-13,23-Feb-13,23-Feb-13
310,5937,26-Jul-13,8500,NET BANKING,27-Jul-13,30-Jul-13,30-Jul-13
311,5445,21-Mar-12,2450,PAYPAL,22-Mar-12,25-Mar-12,25-Mar-12
312,5616,08-Sep-12,650,DEBIT CARD,09-Sep-12,12-Sep-12,12-Sep-12
313,5739,09-Jan-13,4800,COD,10-Jan-13,13-Jan-13,13-Jan-13
314,5099,10-Apr-11,8000,NET BANKING,11-Apr-11,14-Apr-11,14-Apr-11
315,5160,10-Jun-11,1750,DEBIT CARD,11-Jun-11,14-Jun-11,14-Jun-11
316,5715,17-Dec-12,650,PAYPAL,17-Dec-12,20-Dec-12,20-Dec-12
317,5804,15-Mar-13,1350,CREDIT CARD,16-Mar-13,19-Mar-13,19-Mar-13
318,5112,23-Apr-11,32500,NET BANKING,24-Apr-11,27-Apr-11,27-Apr-11
319,5174,24-Jun-11,650,NET BANKING,25-Jun-11,28-Jun-11,28-Jun-11
320,5254,12-Sep-11,13000,COD,13-Sep-11,16-Sep-11,16-Sep-11
321,5306,03-Nov-11,5800,NET BANKING,04-Nov-11,07-Nov-11,07-Nov-11
322,5320,17-Nov-11,31000,COD,18-Nov-11,21-Nov-11,21-Nov-11
323,5354,21-Dec-11,19000,COD,22-Dec-11,25-Dec-11,25-Dec-11
324,5378,14-Jan-12,6750,NET BANKING,15-Jan-12,18-Jan-12,18-Jan-12
325,5604,27-Aug-12,35000,DEBIT CARD,28-Aug-12,31-Aug-12,31-Aug-12
326,5837,17-Apr-13,1250,COD,18-Apr-13,21-Apr-13,21-Apr-13
327,5236,25-Aug-11,650,DEBIT CARD,26-Aug-11,29-Aug-11,29-Aug-11
328,5645,07-Oct-12,600,COD,08-Oct-12,11-Oct-12,11-Oct-12
329,5814,25-Mar-13,2000,NET BANKING,26-Mar-13,29-Mar-13,29-Mar-13
330,5890,09-Jun-13,30000,NET BANKING,10-Jun-13,13-Jun-13,13-Jun-13
331,5909,28-Jun-13,650,COD,29-Jun-13,02-Jul-13,02-Jul-13
332,5012,14-Jan-11,3500,DEBIT CARD,14-Jan-11,17-Jan-11,17-Jan-11
333,5006,07-Jan-11,13000,COD,08-Jan-11,11-Jan-11,11-Jan-11
334,5498,13-May-12,1950,NET BANKING,14-May-12,17-May-12,17-May-12
335,5789,28-Feb-13,2450,PAYPAL,01-Mar-13,04-Mar-13,04-Mar-13
336,5008,08-Jan-11,650,CREDIT CARD,10-Jan-11,13-Jan-11,13-Jan-11
337,5336,03-Dec-11,5900,DEBIT CARD,04-Dec-11,07-Dec-11,07-Dec-11
338,5386,22-Jan-12,2650,DEBIT CARD,23-Jan-12,26-Jan-12,26-Jan-12
339,5585,08-Aug-12,650,NET BANKING,09-Aug-12,12-Aug-12,12-Aug-12
340,5652,13-Oct-12,3800,PAYPAL,15-Oct-12,18-Oct-12,18-Oct-12
341,5752,22-Jan-13,550,DEBIT CARD,23-Jan-13,26-Jan-13,26-Jan-13
342,5774,13-Feb-13,16000,COD,14-Feb-13,17-Feb-13,17-Feb-13
343,5080,22-Mar-11,2000,NET BANKING,23-Mar-11,26-Mar-11,26-Mar-11
344,5210,30-Jul-11,49000,NET BANKING,31-Jul-11,03-Aug-11,03-Aug-11
345,5240,29-Aug-11,52000,COD,30-Aug-11,02-Sep-11,02-Sep-11
346,5261,18-Sep-11,3200,PAYPAL,20-Sep-11,23-Sep-11,23-Sep-11
347,5476,21-Apr-12,650,PAYPAL,22-Apr-12,25-Apr-12,25-Apr-12
348,5694,25-Nov-12,8500,PAYPAL,26-Nov-12,29-Nov-12,29-Nov-12
349,5100,12-Apr-11,35000,DEBIT CARD,12-Apr-11,15-Apr-11,15-Apr-11
350,5670,01-Nov-12,2450,PAYPAL,02-Nov-12,05-Nov-12,05-Nov-12
351,5737,07-Jan-13,2700,PAYPAL,08-Jan-13,11-Jan-13,11-Jan-13
352,5057,27-Feb-11,30000,NET BANKING,28-Feb-11,03-Mar-11,03-Mar-11
353,5087,29-Mar-11,16000,COD,30-Mar-11,02-Apr-11,02-Apr-11
354,5140,21-May-11,19000,COD,22-May-11,25-May-11,25-May-11
355,5196,16-Jul-11,40500,PAYPAL,17-Jul-11,20-Jul-11,20-Jul-11
356,5304,01-Nov-11,750,NET BANKING,02-Nov-11,05-Nov-11,05-Nov-11
357,5322,19-Nov-11,50000,NET BANKING,20-Nov-11,23-Nov-11,23-Nov-11
358,5360,27-Dec-11,1350,DEBIT CARD,28-Dec-11,31-Dec-11,31-Dec-11
359,5426,02-Mar-12,42500,DEBIT CARD,03-Mar-12,06-Mar-12,06-Mar-12
360,5471,16-Apr-12,5050,CREDIT CARD,17-Apr-12,20-Apr-12,20-Apr-12
361,5048,18-Feb-11,5400,COD,19-Feb-11,22-Feb-11,22-Feb-11
362,5316,13-Nov-11,1020,NET BANKING,14-Nov-11,17-Nov-11,17-Nov-11
363,5402,07-Feb-12,650,PAYPAL,08-Feb-12,11-Feb-12,11-Feb-12
364,5966,24-Aug-13,5900,DEBIT CARD,25-Aug-13,28-Aug-13,28-Aug-13
365,5368,04-Jan-12,3800,PAYPAL,05-Jan-12,08-Jan-12,08-Jan-12
366,5408,13-Feb-12,21500,PAYPAL,14-Feb-12,17-Feb-12,17-Feb-12
367,5492,07-May-12,650,DEBIT CARD,08-May-12,11-May-12,11-May-12
368,5599,22-Aug-12,1950,NET BANKING,23-Aug-12,26-Aug-12,26-Aug-12
369,5706,07-Dec-12,32500,NET BANKING,08-Dec-12,11-Dec-12,11-Dec-12
370,5725,26-Dec-12,4800,DEBIT CARD,27-Dec-12,30-Dec-12,30-Dec-12
371,5370,06-Jan-12,49000,NET BANKING,07-Jan-12,10-Jan-12,10-Jan-12
372,5395,31-Jan-12,900,PAYPAL,01-Feb-12,04-Feb-12,04-Feb-12
373,5411,16-Feb-12,41000,PAYPAL,17-Feb-12,20-Feb-12,20-Feb-12
374,5572,25-Jul-12,5050,CREDIT CARD,27-Jul-12,30-Jul-12,30-Jul-12
375,5679,09-Nov-12,1400,COD,11-Nov-12,14-Nov-12,14-Nov-12
376,5794,05-Mar-13,13000,COD,06-Mar-13,09-Mar-13,09-Mar-13
377,5845,25-Apr-13,1400,COD,26-Apr-13,29-Apr-13,29-Apr-13
378,5013,14-Jan-11,3200,PAYPAL,15-Jan-11,18-Jan-11,18-Jan-11
379,5025,26-Jan-11,8500,PAYPAL,27-Jan-11,30-Jan-11,30-Jan-11
380,5036,06-Feb-11,2300,CREDIT CARD,07-Feb-11,10-Feb-11,11-Feb-11
381,5286,14-Oct-11,4800,DEBIT CARD,15-Oct-11,18-Oct-11,18-Oct-11
382,5041,11-Feb-11,42500,DEBIT CARD,12-Feb-11,15-Feb-11,15-Feb-11
383,5141,22-May-11,5400,COD,23-May-11,26-May-11,26-May-11
384,5686,17-Nov-12,4500,NET BANKING,18-Nov-12,21-Nov-12,21-Nov-12
385,5730,31-Dec-12,1550,COD,01-Jan-13,04-Jan-13,04-Jan-13
386,5194,14-Jul-11,36000,COD,15-Jul-11,18-Jul-11,18-Jul-11
387,5247,05-Sep-11,35000,DEBIT CARD,06-Sep-11,09-Sep-11,09-Sep-11
388,5276,04-Oct-11,650,PAYPAL,05-Oct-11,08-Oct-11,08-Oct-11
389,5387,23-Jan-12,3500,DEBIT CARD,24-Jan-12,27-Jan-12,27-Jan-12
390,5573,27-Jul-12,650,CREDIT CARD,28-Jul-12,31-Jul-12,31-Jul-12
391,5600,23-Aug-12,2100,NET BANKING,24-Aug-12,27-Aug-12,27-Aug-12
392,5649,11-Oct-12,1150,COD,12-Oct-12,15-Oct-12,15-Oct-12
393,5664,26-Oct-12,650,PAYPAL,27-Oct-12,30-Oct-12,30-Oct-12
394,5935,24-Jul-13,1100,DEBIT CARD,25-Jul-13,28-Jul-13,28-Jul-13
395,5049,19-Feb-11,2050,COD,20-Feb-11,23-Feb-11,23-Feb-11
396,5577,31-Jul-12,650,PAYPAL,01-Aug-12,04-Aug-12,04-Aug-12
397,5800,11-Mar-13,3500,DEBIT CARD,12-Mar-13,15-Mar-13,15-Mar-13
398,5854,04-May-13,32500,NET BANKING,05-May-13,08-May-13,08-May-13
399,5943,01-Aug-13,13000,COD,02-Aug-13,05-Aug-13,05-Aug-13
400,5047,18-Feb-11,19000,COD,18-Feb-11,21-Feb-11,21-Feb-11
401,5200,20-Jul-11,8000,NET BANKING,21-Jul-11,24-Jul-11,24-Jul-11
402,5684,15-Nov-12,1400,CREDIT CARD,16-Nov-12,19-Nov-12,19-Nov-12
403,5799,10-Mar-13,2650,DEBIT CARD,11-Mar-13,14-Mar-13,14-Mar-13
404,5067,09-Mar-11,1750,DEBIT CARD,10-Mar-11,13-Mar-11,13-Mar-11
405,5159,09-Jun-11,1100,DEBIT CARD,10-Jun-11,13-Jun-11,13-Jun-11
406,5497,11-May-12,750,COD,13-May-12,16-May-12,16-May-12
407,5589,12-Aug-12,2100,COD,13-Aug-12,16-Aug-12,16-Aug-12
408,5597,20-Aug-12,52000,COD,21-Aug-12,24-Aug-12,24-Aug-12
409,5243,01-Sep-11,2100,NET BANKING,02-Sep-11,05-Sep-11,05-Sep-11
410,5337,04-Dec-11,18000,NET BANKING,05-Dec-11,08-Dec-11,08-Dec-11
411,5092,03-Apr-11,2200,PAYPAL,04-Apr-11,07-Apr-11,07-Apr-11
412,5105,16-Apr-11,3500,DEBIT CARD,17-Apr-11,20-Apr-11,20-Apr-11
413,5278,06-Oct-11,18000,NET BANKING,07-Oct-11,10-Oct-11,10-Oct-11
414,5605,28-Aug-12,6200,COD,29-Aug-12,01-Sep-12,01-Sep-12
415,5853,03-May-13,48000,NET BANKING,04-May-13,07-May-13,06-May-13
416,5905,24-Jun-13,750,NET BANKING,25-Jun-13,28-Jun-13,28-Jun-13
417,5182,02-Jul-11,650,DEBIT CARD,03-Jul-11,06-Jul-11,06-Jul-11
418,5289,17-Oct-11,42500,DEBIT CARD,18-Oct-11,21-Oct-11,21-Oct-11
419,5493,08-May-12,2900,COD,09-May-12,12-May-12,12-May-12
420,5560,14-Jul-12,29000,DEBIT CARD,15-Jul-12,18-Jul-12,18-Jul-12
421,5591,14-Aug-12,16000,COD,15-Aug-12,18-Aug-12,18-Aug-12
422,5928,17-Jul-13,2500,DEBIT CARD,18-Jul-13,21-Jul-13,21-Jul-13
423,5972,30-Aug-13,7000,PAYPAL,31-Aug-13,03-Sep-13,03-Sep-13
424,5009,10-Jan-11,42000,DEBIT CARD,11-Jan-11,14-Jan-11,14-Jan-11
425,5147,29-May-11,600,COD,29-May-11,01-Jun-11,01-Jun-11
426,5185,05-Jul-11,2200,PAYPAL,06-Jul-11,09-Jul-11,09-Jul-11
427,5192,12-Jul-11,6750,NET BANKING,13-Jul-11,16-Jul-11,16-Jul-11
428,5566,20-Jul-12,1600,PAYPAL,21-Jul-12,24-Jul-12,24-Jul-12
429,5576,30-Jul-12,5800,NET BANKING,31-Jul-12,03-Aug-12,03-Aug-12
430,5913,02-Jul-13,3600,PAYPAL,03-Jul-13,06-Jul-13,06-Jul-13
431,5967,25-Aug-13,18000,NET BANKING,26-Aug-13,29-Aug-13,29-Aug-13
432,5101,12-Apr-11,650,CREDIT CARD,13-Apr-11,16-Apr-11,16-Apr-11
433,5150,31-May-11,30000,NET BANKING,01-Jun-11,04-Jun-11,04-Jun-11
434,5323,20-Nov-11,650,DEBIT CARD,21-Nov-11,24-Nov-11,24-Nov-11
435,5819,30-Mar-13,2100,COD,31-Mar-13,03-Apr-13,03-Apr-13
436,5900,19-Jun-13,550,DEBIT CARD,20-Jun-13,23-Jun-13,23-Jun-13
437,5960,18-Aug-13,21500,PAYPAL,19-Aug-13,22-Aug-13,22-Aug-13
438,5102,12-Apr-11,42000,DEBIT CARD,14-Apr-11,17-Apr-11,17-Apr-11
439,5242,31-Aug-11,1950,NET BANKING,01-Sep-11,04-Sep-11,04-Sep-11
440,5256,14-Sep-11,650,CREDIT CARD,15-Sep-11,18-Sep-11,19-Sep-11
441,5291,19-Oct-11,1550,COD,20-Oct-11,23-Oct-11,22-Oct-11
442,5315,12-Nov-11,650,NET BANKING,13-Nov-11,16-Nov-11,16-Nov-11
443,5641,03-Oct-12,2700,PAYPAL,04-Oct-12,07-Oct-12,07-Oct-12
444,5650,12-Oct-12,2500,DEBIT CARD,13-Oct-12,16-Oct-12,16-Oct-12
445,5833,13-Apr-13,8000,NET BANKING,14-Apr-13,17-Apr-13,17-Apr-13
446,5883,02-Jun-13,5400,COD,03-Jun-13,06-Jun-13,06-Jun-13
447,5117,28-Apr-11,6200,PAYPAL,29-Apr-11,02-May-11,02-May-11
448,5510,25-May-12,13000,COD,26-May-12,29-May-12,29-May-12
449,5634,26-Sep-12,1550,COD,27-Sep-12,30-Sep-12,30-Sep-12
450,5357,24-Dec-11,2700,PAYPAL,25-Dec-11,28-Dec-11,28-Dec-11
451,5453,29-Mar-12,42000,DEBIT CARD,30-Mar-12,02-Apr-12,02-Apr-12
452,5536,20-Jun-12,40000,DEBIT CARD,21-Jun-12,24-Jun-12,24-Jun-12
453,5620,12-Sep-12,52000,COD,13-Sep-12,16-Sep-12,16-Sep-12
454,5625,17-Sep-12,2200,CREDIT CARD,18-Sep-12,21-Sep-12,21-Sep-12
455,5750,20-Jan-13,49000,NET BANKING,21-Jan-13,24-Jan-13,24-Jan-13
456,5784,23-Feb-13,3800,CREDIT CARD,24-Feb-13,27-Feb-13,27-Feb-13
457,5836,16-Apr-13,2450,PAYPAL,17-Apr-13,20-Apr-13,20-Apr-13
458,5841,21-Apr-13,13000,COD,22-Apr-13,25-Apr-13,24-Apr-13
459,5954,12-Aug-13,4500,NET BANKING,13-Aug-13,16-Aug-13,16-Aug-13
460,5155,05-Jun-11,1600,PAYPAL,06-Jun-11,09-Jun-11,09-Jun-11
461,5568,22-Jul-12,2100,NET BANKING,23-Jul-12,26-Jul-12,26-Jul-12
462,5631,23-Sep-12,650,COD,24-Sep-12,27-Sep-12,27-Sep-12
463,5638,30-Sep-12,19000,COD,01-Oct-12,04-Oct-12,04-Oct-12
464,5045,15-Feb-11,3200,DEBIT CARD,16-Feb-11,19-Feb-11,19-Feb-11
465,5283,11-Oct-11,7000,PAYPAL,12-Oct-11,15-Oct-11,15-Oct-11
466,5484,29-Apr-12,650,NET BANKING,30-Apr-12,03-May-12,03-May-12
467,5593,16-Aug-12,650,DEBIT CARD,17-Aug-12,20-Aug-12,20-Aug-12
468,5806,17-Mar-13,48000,NET BANKING,18-Mar-13,21-Mar-13,21-Mar-13
469,5924,13-Jul-13,30000,NET BANKING,14-Jul-13,17-Jul-13,17-Jul-13
470,5956,14-Aug-13,32500,NET BANKING,15-Aug-13,18-Aug-13,18-Aug-13
471,5070,12-Mar-11,750,NET BANKING,13-Mar-11,16-Mar-11,16-Mar-11
472,5001,01-Jan-11,2450,PAYPAL,03-Jan-11,06-Jan-11,07-Jan-11
473,5482,27-Apr-12,2300,COD,28-Apr-12,01-May-12,01-May-12
474,5594,16-Aug-12,2900,COD,18-Aug-12,21-Aug-12,21-Aug-12
475,5688,19-Nov-12,32500,NET BANKING,20-Nov-12,23-Nov-12,23-Nov-12
476,5703,04-Dec-12,1800,CREDIT CARD,05-Dec-12,08-Dec-12,08-Dec-12
477,5055,25-Feb-11,30000,NET BANKING,26-Feb-11,01-Mar-11,01-Mar-11
478,5461,06-Apr-12,4500,NET BANKING,07-Apr-12,10-Apr-12,10-Apr-12
479,5790,01-Mar-13,1250,COD,02-Mar-13,05-Mar-13,05-Mar-13
480,5824,04-Apr-13,2900,COD,05-Apr-13,08-Apr-13,08-Apr-13
481,5143,24-May-11,2700,PAYPAL,25-May-11,28-May-11,28-May-11
482,5571,25-Jul-12,1750,DEBIT CARD,26-Jul-12,29-Jul-12,29-Jul-12
483,5992,18-Sep-13,800,NET BANKING,20-Sep-13,23-Sep-13,22-Sep-13
484,5109,20-Apr-11,1350,CREDIT CARD,21-Apr-11,24-Apr-11,24-Apr-11
485,5442,18-Mar-12,30000,NET BANKING,19-Mar-12,22-Mar-12,22-Mar-12
486,5480,25-Apr-12,5800,DEBIT CARD,26-Apr-12,29-Apr-12,29-Apr-12
487,5761,31-Jan-13,500,PAYPAL,01-Feb-13,04-Feb-13,04-Feb-13
488,5825,05-Apr-13,38000,NET BANKING,06-Apr-13,09-Apr-13,09-Apr-13
489,5037,07-Feb-11,350,NET BANKING,08-Feb-11,11-Feb-11,11-Feb-11
490,5202,22-Jul-11,30000,NET BANKING,23-Jul-11,26-Jul-11,26-Jul-11
491,5255,13-Sep-11,40500,PAYPAL,14-Sep-11,17-Sep-11,17-Sep-11
492,5362,29-Dec-11,30000,NET BANKING,30-Dec-11,02-Jan-12,02-Jan-12
493,5380,16-Jan-12,36000,COD,17-Jan-12,20-Jan-12,20-Jan-12
494,5421,26-Feb-12,2300,CREDIT CARD,27-Feb-12,01-Mar-12,01-Mar-12
495,5462,07-Apr-12,2500,DEBIT CARD,08-Apr-12,11-Apr-12,11-Apr-12
496,5513,28-May-12,42000,DEBIT CARD,29-May-12,01-Jun-12,01-Jun-12
497,5921,10-Jul-13,4800,COD,11-Jul-13,14-Jul-13,14-Jul-13
498,5300,28-Oct-11,4800,COD,29-Oct-11,01-Nov-11,01-Nov-11
499,5416,21-Feb-12,4500,COD,22-Feb-12,25-Feb-12,25-Feb-12
500,5868,18-May-13,1100,NET BANKING,19-May-13,22-May-13,22-May-13
501,5878,28-May-13,1550,COD,29-May-13,01-Jun-13,01-Jun-13
502,5071,13-Mar-11,10000,NET BANKING,14-Mar-11,17-Mar-11,17-Mar-11
503,5084,26-Mar-11,800,NET BANKING,27-Mar-11,30-Mar-11,30-Mar-11
504,5218,07-Aug-11,10000,NET BANKING,08-Aug-11,11-Aug-11,11-Aug-11
505,5352,19-Dec-11,3200,DEBIT CARD,20-Dec-11,23-Dec-11,23-Dec-11
506,5433,09-Mar-12,5400,COD,10-Mar-12,13-Mar-12,13-Mar-12
507,5521,05-Jun-12,4500,NET BANKING,06-Jun-12,09-Jun-12,09-Jun-12
508,5019,20-Jan-11,32500,NET BANKING,21-Jan-11,24-Jan-11,23-Jan-11
509,5030,31-Jan-11,18000,NET BANKING,01-Feb-11,04-Feb-11,04-Feb-11
510,5193,13-Jul-11,26000,NET BANKING,14-Jul-11,17-Jul-11,17-Jul-11
511,5264,24-Sep-11,1350,CREDIT CARD,23-Sep-11,26-Sep-11,26-Sep-11
512,5475,20-Apr-12,5800,NET BANKING,21-Apr-12,24-Apr-12,24-Apr-12
513,5543,27-Jun-12,650,COD,28-Jun-12,01-Jul-12,01-Jul-12
514,5661,23-Oct-12,750,NET BANKING,24-Oct-12,27-Oct-12,27-Oct-12
515,5811,22-Mar-13,5800,DEBIT CARD,23-Mar-13,26-Mar-13,26-Mar-13
516,5162,12-Jun-11,650,CREDIT CARD,13-Jun-11,16-Jun-11,16-Jun-11
517,5189,09-Jul-11,8500,NET BANKING,10-Jul-11,13-Jul-11,13-Jul-11
518,5923,12-Jul-13,600,COD,13-Jul-13,16-Jul-13,16-Jul-13
519,5983,10-Sep-13,500,COD,11-Sep-13,14-Sep-13,14-Sep-13
520,5203,23-Jul-11,29000,DEBIT CARD,24-Jul-11,27-Jul-11,27-Jul-11
521,5470,13-Apr-12,1750,DEBIT CARD,16-Apr-12,19-Apr-12,19-Apr-12
522,5877,27-May-13,650,CREDIT CARD,28-May-13,31-May-13,31-May-13
523,5880,30-May-13,3200,DEBIT CARD,31-May-13,03-Jun-13,03-Jun-13
524,5894,13-Jun-13,2500,DEBIT CARD,14-Jun-13,17-Jun-13,17-Jun-13
525,5558,12-Jul-12,600,COD,13-Jul-12,16-Jul-12,16-Jul-12
526,5701,02-Dec-12,40000,DEBIT CARD,03-Dec-12,06-Dec-12,06-Dec-12
527,5910,29-Jun-13,42500,DEBIT CARD,30-Jun-13,03-Jul-13,03-Jul-13
528,5244,02-Sep-11,3800,CREDIT CARD,03-Sep-11,06-Sep-11,06-Sep-11
529,5523,07-Jun-12,32500,NET BANKING,08-Jun-12,11-Jun-12,11-Jun-12
530,5892,11-Jun-13,30000,NET BANKING,12-Jun-13,15-Jun-13,15-Jun-13
531,5485,30-Apr-12,1020,NET BANKING,01-May-12,04-May-12,04-May-12
532,5486,01-May-12,4900,NET BANKING,02-May-12,05-May-12,05-May-12
533,5526,10-Jun-12,34000,PAYPAL,11-Jun-12,14-Jun-12,14-Jun-12
534,5556,10-Jul-12,4800,COD,11-Jul-12,14-Jul-12,12-Jul-12
535,5624,15-Sep-12,3800,CREDIT CARD,17-Sep-12,20-Sep-12,20-Sep-12
536,5748,18-Jan-13,3800,PAYPAL,19-Jan-13,22-Jan-13,22-Jan-13
537,5873,23-May-13,4800,DEBIT CARD,24-May-13,27-May-13,27-May-13
538,5089,31-Mar-11,650,DEBIT CARD,01-Apr-11,04-Apr-11,04-Apr-11
539,5369,05-Jan-12,1600,PAYPAL,06-Jan-12,09-Jan-12,09-Jan-12
540,5405,10-Feb-12,900,PAYPAL,11-Feb-12,14-Feb-12,14-Feb-12
541,5718,19-Dec-12,4500,COD,20-Dec-12,23-Dec-12,23-Dec-12
542,5996,23-Sep-13,50000,NET BANKING,24-Sep-13,27-Sep-13,27-Sep-13
543,5031,01-Feb-11,4500,COD,02-Feb-11,05-Feb-11,05-Feb-11
544,5058,28-Feb-11,1150,COD,01-Mar-11,04-Mar-11,04-Mar-11
545,5104,15-Apr-11,2650,DEBIT CARD,16-Apr-11,19-Apr-11,19-Apr-11
546,5271,29-Sep-11,21500,PAYPAL,30-Sep-11,03-Oct-11,03-Oct-11
547,5333,30-Nov-11,8000,NET BANKING,01-Dec-11,04-Dec-11,04-Dec-11
548,5948,06-Aug-13,2650,DEBIT CARD,07-Aug-13,10-Aug-13,10-Aug-13
549,5170,20-Jun-11,5800,DEBIT CARD,21-Jun-11,24-Jun-11,24-Jun-11
550,5427,03-Mar-12,650,CREDIT CARD,04-Mar-12,07-Mar-12,07-Mar-12
551,5441,17-Mar-12,29000,DEBIT CARD,18-Mar-12,21-Mar-12,21-Mar-12
552,5496,11-May-12,52000,COD,12-May-12,15-May-12,15-May-12
553,5592,15-Aug-12,50000,NET BANKING,16-Aug-12,19-Aug-12,19-Aug-12
554,5881,31-May-13,3800,PAYPAL,01-Jun-13,04-Jun-13,04-Jun-13
555,5232,21-Aug-11,2100,COD,22-Aug-11,25-Aug-11,25-Aug-11
556,5245,03-Sep-11,2200,CREDIT CARD,04-Sep-11,07-Sep-11,07-Sep-11
557,5269,27-Sep-11,1460,COD,28-Sep-11,01-Oct-11,01-Oct-11
558,5302,30-Oct-11,5050,CREDIT CARD,31-Oct-11,03-Nov-11,03-Nov-11
559,5559,13-Jul-12,30000,NET BANKING,14-Jul-12,17-Jul-12,17-Jul-12
560,5791,02-Mar-13,6750,NET BANKING,03-Mar-13,06-Mar-13,06-Mar-13
561,5293,21-Oct-11,3200,DEBIT CARD,22-Oct-11,25-Oct-11,25-Oct-11
562,5350,17-Dec-11,1550,COD,18-Dec-11,21-Dec-11,21-Dec-11
563,5798,09-Mar-13,1400,COD,10-Mar-13,13-Mar-13,13-Mar-13
564,5834,14-Apr-13,35000,DEBIT CARD,15-Apr-13,18-Apr-13,18-Apr-13
565,5896,15-Jun-13,3800,PAYPAL,16-Jun-13,19-Jun-13,19-Jun-13
566,5077,19-Mar-11,5800,DEBIT CARD,20-Mar-11,23-Mar-11,23-Mar-11
567,5417,22-Feb-12,40000,DEBIT CARD,23-Feb-12,26-Feb-12,26-Feb-12
568,5509,24-May-12,36000,COD,25-May-12,28-May-12,28-May-12
569,5657,19-Oct-12,1100,DEBIT CARD,20-Oct-12,23-Oct-12,23-Oct-12
570,5251,09-Sep-11,6750,NET BANKING,10-Sep-11,13-Sep-11,13-Sep-11
571,5459,04-Apr-12,1400,CREDIT CARD,05-Apr-12,08-Apr-12,08-Apr-12
572,5583,06-Aug-12,2300,COD,07-Aug-12,10-Aug-12,10-Aug-12
573,5653,15-Oct-12,1600,PAYPAL,16-Oct-12,19-Oct-12,19-Oct-12
574,5676,07-Nov-12,40500,PAYPAL,08-Nov-12,11-Nov-12,11-Nov-12
575,5904,23-Jun-13,650,CREDIT CARD,24-Jun-13,27-Jun-13,27-Jun-13
576,5982,08-Sep-13,500,PAYPAL,10-Sep-13,13-Sep-13,13-Sep-13
577,5032,02-Feb-11,40000,DEBIT CARD,03-Feb-11,06-Feb-11,06-Feb-11
578,5809,20-Mar-13,500,COD,21-Mar-13,24-Mar-13,24-Mar-13
579,5033,02-Feb-11,1100,NET BANKING,04-Feb-11,07-Feb-11,07-Feb-11
580,5052,22-Feb-11,4800,COD,23-Feb-11,26-Feb-11,26-Feb-11
581,5180,30-Jun-11,16000,COD,01-Jul-11,04-Jul-11,04-Jul-11
582,5258,16-Sep-11,1400,COD,17-Sep-11,20-Sep-11,20-Sep-11
583,5778,17-Feb-13,38000,NET BANKING,18-Feb-13,21-Feb-13,21-Feb-13
584,5959,17-Aug-13,34000,PAYPAL,18-Aug-13,21-Aug-13,21-Aug-13
585,5123,04-May-11,18000,NET BANKING,05-May-11,08-May-11,08-May-11
586,5728,29-Dec-12,42500,DEBIT CARD,30-Dec-12,02-Jan-13,02-Jan-13
587,5793,04-Mar-13,36000,COD,05-Mar-13,08-Mar-13,08-Mar-13
588,5651,13-Oct-12,4400,CREDIT CARD,14-Oct-12,17-Oct-12,17-Oct-12
589,5673,04-Nov-12,26000,NET BANKING,05-Nov-12,08-Nov-12,08-Nov-12
590,5842,22-Apr-13,40500,PAYPAL,23-Apr-13,26-Apr-13,26-Apr-13
591,5889,08-Jun-13,600,COD,09-Jun-13,12-Jun-13,12-Jun-13
592,5615,07-Sep-12,50000,NET BANKING,08-Sep-12,11-Sep-12,11-Sep-12
593,5751,21-Jan-13,2100,NET BANKING,22-Jan-13,25-Jan-13,25-Jan-13
594,5753,23-Jan-13,1100,DEBIT CARD,24-Jan-13,27-Jan-13,27-Jan-13
595,5754,24-Jan-13,1750,DEBIT CARD,25-Jan-13,28-Jan-13,28-Jan-13
596,5184,04-Jul-11,38000,NET BANKING,05-Jul-11,08-Jul-11,08-Jul-11
597,5517,01-Jun-12,3200,PAYPAL,02-Jun-12,05-Jun-12,05-Jun-12
598,5953,11-Aug-13,1350,CREDIT CARD,12-Aug-13,15-Aug-13,15-Aug-13
599,5964,22-Aug-13,650,PAYPAL,23-Aug-13,26-Aug-13,26-Aug-13
600,5113,24-Apr-11,900,PAYPAL,25-Apr-11,28-Apr-11,28-Apr-11
601,5287,15-Oct-11,650,COD,16-Oct-11,19-Oct-11,19-Oct-11
602,5353,20-Dec-11,3800,PAYPAL,21-Dec-11,24-Dec-11,24-Dec-11
603,5570,24-Jul-12,1100,DEBIT CARD,25-Jul-12,28-Jul-12,28-Jul-12
604,5687,18-Nov-12,48000,NET BANKING,19-Nov-12,22-Nov-12,22-Nov-12
605,5138,19-May-11,3200,DEBIT CARD,20-May-11,23-May-11,23-May-11
606,5183,03-Jul-11,2900,COD,04-Jul-11,07-Jul-11,07-Jul-11
607,5268,26-Sep-11,900,PAYPAL,27-Sep-11,30-Sep-11,30-Sep-11
608,5130,11-May-11,350,NET BANKING,12-May-11,15-May-11,15-May-11
609,5611,03-Sep-12,800,NET BANKING,04-Sep-12,07-Sep-12,07-Sep-12
610,5656,18-Oct-12,550,DEBIT CARD,19-Oct-12,22-Oct-12,22-Oct-12
611,5700,01-Dec-12,4500,COD,02-Dec-12,05-Dec-12,05-Dec-12
612,5820,31-Mar-13,31000,COD,01-Apr-13,04-Apr-13,04-Apr-13
613,5137,18-May-11,3600,PAYPAL,19-May-11,22-May-11,22-May-11
614,5227,16-Aug-11,2000,NET BANKING,17-Aug-11,20-Aug-11,20-Aug-11
615,5292,20-Oct-11,3600,PAYPAL,21-Oct-11,24-Oct-11,24-Oct-11
616,5424,29-Feb-12,650,COD,01-Mar-12,04-Mar-12,04-Mar-12
617,5717,17-Dec-12,18000,NET BANKING,19-Dec-12,22-Dec-12,22-Dec-12
618,5773,12-Feb-13,31000,COD,13-Feb-13,16-Feb-13,16-Feb-13
619,5872,22-May-13,350,NET BANKING,23-May-13,26-May-13,26-May-13
620,5917,06-Jul-13,5400,COD,07-Jul-13,10-Jul-13,10-Jul-13
621,5167,19-Jun-11,500,PAYPAL,18-Jun-11,21-Jun-11,21-Jun-11
622,5221,10-Aug-11,500,PAYPAL,11-Aug-11,14-Aug-11,14-Aug-11
623,5565,19-Jul-12,3800,PAYPAL,20-Jul-12,23-Jul-12,23-Jul-12
624,5888,07-Jun-13,1350,DEBIT CARD,08-Jun-13,11-Jun-13,11-Jun-13
625,5901,20-Jun-13,1100,DEBIT CARD,21-Jun-13,24-Jun-13,24-Jun-13
626,5003,03-Jan-11,6750,NET BANKING,05-Jan-11,08-Jan-11,08-Jan-11
627,5158,08-Jun-11,550,DEBIT CARD,09-Jun-11,12-Jun-11,12-Jun-11
628,5515,30-May-12,2650,DEBIT CARD,31-May-12,03-Jun-12,03-Jun-12
629,5532,16-Jun-12,650,PAYPAL,17-Jun-12,20-Jun-12,20-Jun-12
630,5541,25-Jun-12,350,NET BANKING,26-Jun-12,29-Jun-12,29-Jun-12
631,5024,25-Jan-11,6200,PAYPAL,26-Jan-11,29-Jan-11,29-Jan-11
632,5120,01-May-11,650,PAYPAL,02-May-11,05-May-11,05-May-11
633,5266,25-Sep-11,48000,NET BANKING,25-Sep-11,28-Sep-11,28-Sep-11
634,5373,09-Jan-12,1100,DEBIT CARD,10-Jan-12,13-Jan-12,13-Jan-12
635,5590,13-Aug-12,31000,COD,14-Aug-12,17-Aug-12,17-Aug-12
636,5994,21-Sep-13,31000,COD,22-Sep-13,25-Sep-13,25-Sep-13
637,5177,27-Jun-11,800,NET BANKING,28-Jun-11,01-Jul-11,01-Jul-11
638,5396,01-Feb-12,1460,COD,02-Feb-12,05-Feb-12,05-Feb-12
639,5683,14-Nov-12,1250,NET BANKING,15-Nov-12,18-Nov-12,18-Nov-12
640,5134,15-May-11,42500,DEBIT CARD,16-May-11,19-May-11,18-May-11
641,5413,18-Feb-12,650,PAYPAL,19-Feb-12,22-Feb-12,22-Feb-12
642,5460,05-Apr-12,1350,CREDIT CARD,06-Apr-12,09-Apr-12,09-Apr-12
643,5709,10-Dec-12,34000,PAYPAL,11-Dec-12,14-Dec-12,14-Dec-12
644,5940,29-Jul-13,6750,NET BANKING,30-Jul-13,02-Aug-13,02-Aug-13
645,5000,01-Jan-11,8500,NET BANKING,02-Jan-11,05-Jan-11,05-Jan-11
646,5206,26-Jul-11,2500,DEBIT CARD,27-Jul-11,30-Jul-11,30-Jul-11
647,5870,20-May-13,7000,PAYPAL,21-May-13,24-May-13,24-May-13
648,5262,20-Sep-11,1250,NET BANKING,21-Sep-11,24-Sep-11,24-Sep-11
649,5457,02-Apr-12,3200,PAYPAL,03-Apr-12,06-Apr-12,06-Apr-12
650,5735,05-Jan-13,5400,COD,06-Jan-13,09-Jan-13,09-Jan-13
651,5879,29-May-13,3600,PAYPAL,30-May-13,02-Jun-13,02-Jun-13
652,5999,25-Sep-13,38000,NET BANKING,27-Sep-13,30-Sep-13,29-Sep-13
653,5165,15-Jun-11,5800,NET BANKING,16-Jun-11,19-Jun-11,19-Jun-11
654,5310,06-Nov-11,1900,COD,08-Nov-11,11-Nov-11,11-Nov-11
655,5355,22-Dec-11,5400,COD,23-Dec-11,26-Dec-11,26-Dec-11
656,5490,05-May-12,16000,COD,06-May-12,09-May-12,09-May-12
657,5899,18-Jun-13,2100,NET BANKING,19-Jun-13,22-Jun-13,22-Jun-13
658,5906,25-Jun-13,10000,NET BANKING,26-Jun-13,29-Jun-13,29-Jun-13
659,5991,18-Sep-13,4900,NET BANKING,19-Sep-13,22-Sep-13,22-Sep-13
660,5181,01-Jul-11,50000,NET BANKING,02-Jul-11,05-Jul-11,05-Jul-11
661,5356,23-Dec-11,2050,COD,24-Dec-11,27-Dec-11,27-Dec-11
662,5740,09-Jan-13,1350,DEBIT CARD,11-Jan-13,14-Jan-13,14-Jan-13
663,5981,08-Sep-13,650,PAYPAL,09-Sep-13,12-Sep-13,12-Sep-13
664,5060,02-Mar-11,4400,CREDIT CARD,03-Mar-11,06-Mar-11,06-Mar-11
665,5115,26-Apr-11,34000,PAYPAL,27-Apr-11,30-Apr-11,30-Apr-11
666,5299,27-Oct-11,16500,DEBIT CARD,28-Oct-11,31-Oct-11,31-Oct-11
667,5448,24-Mar-12,26000,NET BANKING,25-Mar-12,28-Mar-12,28-Mar-12
668,5612,04-Sep-12,2100,COD,05-Sep-12,08-Sep-12,08-Sep-12
669,5847,27-Apr-13,3500,DEBIT CARD,28-Apr-13,01-May-13,01-May-13
670,5912,01-Jul-13,1550,COD,02-Jul-13,05-Jul-13,05-Jul-13
671,5231,20-Aug-11,800,NET BANKING,21-Aug-11,24-Aug-11,24-Aug-11
672,5554,08-Jul-12,2700,PAYPAL,09-Jul-12,12-Jul-12,12-Jul-12
673,5698,29-Nov-12,5900,DEBIT CARD,30-Nov-12,03-Dec-12,03-Dec-12
674,5803,14-Mar-13,1400,CREDIT CARD,15-Mar-13,18-Mar-13,18-Mar-13
675,5835,15-Apr-13,8500,NET BANKING,16-Apr-13,19-Apr-13,19-Apr-13
676,5865,15-May-13,18000,NET BANKING,16-May-13,19-May-13,19-May-13
677,5710,11-Dec-12,21500,PAYPAL,12-Dec-12,15-Dec-12,15-Dec-12
678,5107,18-Apr-11,1250,NET BANKING,19-Apr-11,22-Apr-11,22-Apr-11
679,5186,06-Jul-11,52000,COD,07-Jul-11,10-Jul-11,10-Jul-11
680,5235,24-Aug-11,50000,NET BANKING,25-Aug-11,28-Aug-11,28-Aug-11
681,5238,27-Aug-11,38000,NET BANKING,28-Aug-11,31-Aug-11,31-Aug-11
682,5415,20-Feb-12,18000,NET BANKING,21-Feb-12,24-Feb-12,24-Feb-12
683,5957,15-Aug-13,900,PAYPAL,16-Aug-13,19-Aug-13,19-Aug-13
684,5630,22-Sep-12,650,COD,23-Sep-12,26-Sep-12,26-Sep-12
685,5654,16-Oct-12,49000,NET BANKING,17-Oct-12,20-Oct-12,20-Oct-12
686,5085,27-Mar-11,2100,COD,28-Mar-11,31-Mar-11,31-Mar-11
687,5260,18-Sep-11,3500,DEBIT CARD,19-Sep-11,22-Sep-11,22-Sep-11
688,5797,08-Mar-13,42000,DEBIT CARD,09-Mar-13,12-Mar-13,12-Mar-13
689,5907,26-Jun-13,5800,NET BANKING,27-Jun-13,30-Jun-13,30-Jun-13
690,5224,13-Aug-11,5800,DEBIT CARD,14-Aug-11,17-Aug-11,16-Aug-11
691,5346,13-Dec-11,650,COD,14-Dec-11,17-Dec-11,17-Dec-11
692,5499,14-May-12,2100,NET BANKING,15-May-12,18-May-12,18-May-12
693,5733,03-Jan-13,3800,PAYPAL,04-Jan-13,07-Jan-13,07-Jan-13
694,5075,17-Mar-11,500,COD,18-Mar-11,21-Mar-11,21-Mar-11
695,5094,05-Apr-11,750,COD,06-Apr-11,09-Apr-11,09-Apr-11
696,5103,14-Apr-11,1400,COD,15-Apr-11,18-Apr-11,18-Apr-11
697,5197,17-Jul-11,2100,NET BANKING,18-Jul-11,21-Jul-11,21-Jul-11
698,5297,25-Oct-11,2050,COD,26-Oct-11,29-Oct-11,29-Oct-11
699,5305,02-Nov-11,10000,NET BANKING,03-Nov-11,06-Nov-11,06-Nov-11
700,5340,07-Dec-11,1100,NET BANKING,08-Dec-11,11-Dec-11,11-Dec-11
701,5366,02-Jan-12,2500,DEBIT CARD,03-Jan-12,06-Jan-12,06-Jan-12
702,5606,29-Aug-12,2300,COD,30-Aug-12,02-Sep-12,02-Sep-12
703,5662,24-Oct-12,10000,NET BANKING,25-Oct-12,28-Oct-12,28-Oct-12
704,5669,31-Oct-12,8500,NET BANKING,01-Nov-12,04-Nov-12,04-Nov-12
705,5742,12-Jan-13,30000,NET BANKING,13-Jan-13,16-Jan-13,16-Jan-13
706,5745,15-Jan-13,1150,COD,16-Jan-13,19-Jan-13,19-Jan-13
707,5950,08-Aug-13,3200,PAYPAL,09-Aug-13,12-Aug-13,12-Aug-13
708,5848,28-Apr-13,3200,PAYPAL,29-Apr-13,02-May-13,02-May-13
709,5952,10-Aug-13,1400,CREDIT CARD,11-Aug-13,14-Aug-13,14-Aug-13
710,5998,25-Sep-13,2900,COD,26-Sep-13,29-Sep-13,29-Sep-13
711,5046,16-Feb-11,3800,PAYPAL,17-Feb-11,20-Feb-11,20-Feb-11
712,5144,25-May-11,16500,DEBIT CARD,26-May-11,29-May-11,29-May-11
713,5458,03-Apr-12,1250,NET BANKING,04-Apr-12,07-Apr-12,07-Apr-12
714,5646,08-Oct-12,30000,NET BANKING,09-Oct-12,12-Oct-12,12-Oct-12
715,5796,07-Mar-13,650,CREDIT CARD,08-Mar-13,11-Mar-13,11-Mar-13
716,5862,12-May-13,650,PAYPAL,13-May-13,16-May-13,16-May-13
717,5161,11-Jun-11,5050,CREDIT CARD,12-Jun-11,15-Jun-11,15-Jun-11
718,5435,11-Mar-12,2700,PAYPAL,12-Mar-12,15-Mar-12,15-Mar-12
719,5538,22-Jun-12,1800,CREDIT CARD,23-Jun-12,26-Jun-12,26-Jun-12
720,5655,17-Oct-12,2100,NET BANKING,18-Oct-12,21-Oct-12,21-Oct-12
721,5786,25-Feb-13,8000,NET BANKING,26-Feb-13,01-Mar-13,01-Mar-13
722,5926,15-Jul-13,30000,NET BANKING,16-Jul-13,19-Jul-13,19-Jul-13
723,5871,21-May-13,2300,CREDIT CARD,22-May-13,25-May-13,25-May-13
724,5931,20-Jul-13,1600,PAYPAL,21-Jul-13,24-Jul-13,24-Jul-13
725,5259,17-Sep-11,2650,DEBIT CARD,18-Sep-11,21-Sep-11,21-Sep-11
726,5540,24-Jun-12,2300,CREDIT CARD,25-Jun-12,28-Jun-12,28-Jun-12
727,5640,02-Oct-12,2050,COD,03-Oct-12,06-Oct-12,06-Oct-12
728,5782,20-Feb-13,1950,NET BANKING,22-Feb-13,25-Feb-13,25-Feb-13
729,5787,26-Feb-13,35000,DEBIT CARD,27-Feb-13,02-Mar-13,02-Mar-13
730,5011,12-Jan-11,2650,DEBIT CARD,13-Jan-11,16-Jan-11,16-Jan-11
731,5487,02-May-12,800,NET BANKING,03-May-12,06-May-12,06-May-12
732,5503,18-May-12,35000,DEBIT CARD,19-May-12,22-May-12,22-May-12
733,5548,02-Jul-12,3600,PAYPAL,03-Jul-12,06-Jul-12,06-Jul-12
734,5555,09-Jul-12,16500,DEBIT CARD,10-Jul-12,13-Jul-12,13-Jul-12
735,5736,06-Jan-13,2050,COD,07-Jan-13,10-Jan-13,10-Jan-13
736,5988,15-Sep-13,2000,NET BANKING,16-Sep-13,19-Sep-13,19-Sep-13
737,5139,20-May-11,3800,PAYPAL,21-May-11,24-May-11,24-May-11
738,5187,07-Jul-11,750,COD,08-Jul-11,11-Jul-11,11-Jul-11
739,5252,10-Sep-11,26000,NET BANKING,11-Sep-11,14-Sep-11,14-Sep-11
740,5257,15-Sep-11,42000,DEBIT CARD,16-Sep-11,19-Sep-11,19-Sep-11
741,5821,01-Apr-13,16000,COD,02-Apr-13,05-Apr-13,05-Apr-13
742,5082,24-Mar-11,1020,NET BANKING,25-Mar-11,28-Mar-11,28-Mar-11
743,5237,26-Aug-11,2900,COD,27-Aug-11,30-Aug-11,30-Aug-11
744,5327,24-Nov-11,52000,COD,25-Nov-11,28-Nov-11,28-Nov-11
745,5332,29-Nov-11,2200,CREDIT CARD,30-Nov-11,03-Dec-11,03-Dec-11
746,5463,08-Apr-12,4400,CREDIT CARD,09-Apr-12,12-Apr-12,12-Apr-12
747,5721,22-Dec-12,1800,CREDIT CARD,23-Dec-12,26-Dec-12,26-Dec-12
748,5743,13-Jan-13,29000,DEBIT CARD,14-Jan-13,17-Jan-13,17-Jan-13
749,5817,28-Mar-13,4900,NET BANKING,29-Mar-13,01-Apr-13,02-Apr-13
750,5949,07-Aug-13,3500,DEBIT CARD,08-Aug-13,11-Aug-13,11-Aug-13
751,5195,15-Jul-11,13000,COD,16-Jul-11,19-Jul-11,19-Jul-11
752,5298,26-Oct-11,2700,PAYPAL,27-Oct-11,30-Oct-11,30-Oct-11
753,5522,06-Jun-12,48000,NET BANKING,07-Jun-12,10-Jun-12,10-Jun-12
754,5527,10-Jun-12,21500,PAYPAL,12-Jun-12,15-Jun-12,15-Jun-12
755,5157,07-Jun-11,2100,NET BANKING,08-Jun-11,11-Jun-11,11-Jun-11
756,5312,06-Nov-11,6200,COD,10-Nov-11,13-Nov-11,13-Nov-11
757,5667,29-Oct-12,1900,COD,30-Oct-12,02-Nov-12,02-Nov-12
758,5719,20-Dec-12,40000,DEBIT CARD,21-Dec-12,24-Dec-12,24-Dec-12
759,5765,04-Feb-13,6200,COD,05-Feb-13,08-Feb-13,08-Feb-13
760,5023,24-Jan-11,21500,PAYPAL,25-Jan-11,28-Jan-11,28-Jan-11
761,5028,28-Jan-11,650,PAYPAL,30-Jan-11,02-Feb-11,02-Feb-11
762,5076,18-Mar-11,1900,COD,19-Mar-11,22-Mar-11,22-Mar-11
763,5334,01-Dec-11,35000,DEBIT CARD,02-Dec-11,05-Dec-11,05-Dec-11
764,5374,10-Jan-12,1750,DEBIT CARD,11-Jan-12,14-Jan-12,14-Jan-12
765,5404,09-Feb-12,32500,NET BANKING,10-Feb-12,13-Feb-12,13-Feb-12
766,5578,01-Aug-12,500,PAYPAL,02-Aug-12,05-Aug-12,05-Aug-12
767,5681,12-Nov-12,3500,DEBIT CARD,13-Nov-12,16-Nov-12,16-Nov-12
768,5005,06-Jan-11,36000,COD,07-Jan-11,10-Jan-11,10-Jan-11
769,5131,12-May-11,4800,DEBIT CARD,13-May-11,16-May-11,16-May-11
770,5308,06-Nov-11,500,PAYPAL,06-Nov-11,09-Nov-11,09-Nov-11
771,5383,19-Jan-12,650,CREDIT CARD,20-Jan-12,23-Jan-12,23-Jan-12
772,5595,18-Aug-12,38000,NET BANKING,19-Aug-12,22-Aug-12,22-Aug-12
773,5635,27-Sep-12,3600,PAYPAL,28-Sep-12,01-Oct-12,01-Oct-12
774,5705,06-Dec-12,2300,CREDIT CARD,07-Dec-12,10-Dec-12,10-Dec-12
775,5767,06-Feb-13,2000,NET BANKING,07-Feb-13,10-Feb-13,10-Feb-13
776,5051,21-Feb-11,16500,DEBIT CARD,22-Feb-11,25-Feb-11,25-Feb-11
777,5329,26-Nov-11,1950,NET BANKING,27-Nov-11,30-Nov-11,29-Nov-11
778,5401,06-Feb-12,41000,PAYPAL,07-Feb-12,10-Feb-12,10-Feb-12
779,5539,23-Jun-12,7000,PAYPAL,24-Jun-12,27-Jun-12,27-Jun-12
780,5553,07-Jul-12,2050,COD,08-Jul-12,11-Jul-12,11-Jul-12
781,5768,07-Feb-13,650,NET BANKING,08-Feb-13,11-Feb-13,11-Feb-13
782,5785,24-Feb-13,2200,CREDIT CARD,25-Feb-13,28-Feb-13,28-Feb-13
783,5875,25-May-13,650,COD,26-May-13,29-May-13,28-May-13
784,5552,06-Jul-12,5400,COD,07-Jul-12,10-Jul-12,10-Jul-12
785,5220,09-Aug-11,650,PAYPAL,10-Aug-11,13-Aug-11,13-Aug-11
786,5072,14-Mar-11,5800,NET BANKING,15-Mar-11,18-Mar-11,18-Mar-11
787,5279,07-Oct-11,4500,COD,08-Oct-11,11-Oct-11,11-Oct-11
788,5381,17-Jan-12,13000,COD,18-Jan-12,21-Jan-12,21-Jan-12
789,5563,17-Jul-12,2500,DEBIT CARD,18-Jul-12,21-Jul-12,21-Jul-12
790,5119,30-Apr-11,41000,PAYPAL,01-May-11,04-May-11,04-May-11
791,5166,16-Jun-11,650,PAYPAL,17-Jun-11,20-Jun-11,20-Jun-11
792,5204,24-Jul-11,30000,NET BANKING,25-Jul-11,28-Jul-11,28-Jul-11
793,5248,06-Sep-11,8500,NET BANKING,07-Sep-11,10-Sep-11,10-Sep-11
794,5537,21-Jun-12,1100,NET BANKING,22-Jun-12,25-Jun-12,25-Jun-12
795,5874,24-May-13,650,COD,25-May-13,28-May-13,28-May-13
796,5148,29-May-11,30000,NET BANKING,30-May-11,02-Jun-11,02-Jun-11
797,5288,16-Oct-11,650,COD,17-Oct-11,20-Oct-11,20-Oct-11
798,5564,18-Jul-12,4400,CREDIT CARD,19-Jul-12,22-Jul-12,22-Jul-12
799,5636,28-Sep-12,3200,DEBIT CARD,29-Sep-12,02-Oct-12,02-Oct-12
800,5680,11-Nov-12,2650,DEBIT CARD,12-Nov-12,15-Nov-12,15-Nov-12
801,5691,22-Nov-12,34000,PAYPAL,23-Nov-12,26-Nov-12,26-Nov-12
802,5222,11-Aug-11,500,COD,12-Aug-11,15-Aug-11,15-Aug-11
803,5393,29-Jan-12,48000,NET BANKING,30-Jan-12,02-Feb-12,02-Feb-12
804,5410,15-Feb-12,8500,PAYPAL,16-Feb-12,19-Feb-12,19-Feb-12
805,5412,17-Feb-12,650,PAYPAL,18-Feb-12,21-Feb-12,21-Feb-12
806,5455,31-Mar-12,2650,DEBIT CARD,01-Apr-12,04-Apr-12,04-Apr-12
807,5281,09-Oct-11,1100,NET BANKING,10-Oct-11,13-Oct-11,13-Oct-11
808,5285,13-Oct-11,350,NET BANKING,14-Oct-11,17-Oct-11,17-Oct-11
809,5414,19-Feb-12,5900,DEBIT CARD,20-Feb-12,23-Feb-12,23-Feb-12
810,5501,16-May-12,2200,CREDIT CARD,17-May-12,20-May-12,20-May-12
811,5506,21-May-12,1250,COD,22-May-12,25-May-12,25-May-12
812,5508,23-May-12,26000,NET BANKING,24-May-12,27-May-12,27-May-12
813,5648,10-Oct-12,30000,NET BANKING,11-Oct-12,14-Oct-12,14-Oct-12
814,5708,09-Dec-12,1460,COD,10-Dec-12,13-Dec-12,13-Dec-12
815,5830,10-Apr-13,2100,NET BANKING,11-Apr-13,14-Apr-13,14-Apr-13
816,5010,11-Jan-11,1400,COD,12-Jan-11,15-Jan-11,15-Jan-11
817,5093,04-Apr-11,52000,COD,05-Apr-11,08-Apr-11,08-Apr-11
818,5190,10-Jul-11,2450,PAYPAL,11-Jul-11,14-Jul-11,14-Jul-11
819,5209,29-Jul-11,1600,PAYPAL,30-Jul-11,02-Aug-11,02-Aug-11
820,5282,10-Oct-11,1800,CREDIT CARD,11-Oct-11,14-Oct-11,14-Oct-11
821,5351,18-Dec-11,3600,PAYPAL,19-Dec-11,22-Dec-11,22-Dec-11
822,5495,10-May-12,2200,PAYPAL,11-May-12,14-May-12,14-May-12
823,5810,21-Mar-13,1900,COD,22-Mar-13,25-Mar-13,25-Mar-13
824,5920,09-Jul-13,16500,DEBIT CARD,10-Jul-13,13-Jul-13,13-Jul-13
825,5053,23-Feb-11,1350,DEBIT CARD,24-Feb-11,27-Feb-11,27-Feb-11
826,5068,10-Mar-11,5050,CREDIT CARD,11-Mar-11,14-Mar-11,14-Mar-11
827,5294,22-Oct-11,3800,PAYPAL,23-Oct-11,26-Oct-11,26-Oct-11
828,5423,28-Feb-12,4800,DEBIT CARD,29-Feb-12,03-Mar-12,03-Mar-12
829,5610,02-Sep-12,4900,NET BANKING,03-Sep-12,06-Sep-12,06-Sep-12
830,5692,23-Nov-12,21500,PAYPAL,24-Nov-12,27-Nov-12,27-Nov-12
831,5738,08-Jan-13,16500,DEBIT CARD,09-Jan-13,12-Jan-13,12-Jan-13
832,5758,28-Jan-13,10000,NET BANKING,29-Jan-13,01-Feb-13,01-Feb-13
833,5762,01-Feb-13,500,COD,02-Feb-13,05-Feb-13,05-Feb-13
834,5990,17-Sep-13,1020,NET BANKING,18-Sep-13,21-Sep-13,21-Sep-13
835,5038,08-Feb-11,4800,DEBIT CARD,09-Feb-11,12-Feb-11,12-Feb-11
836,5371,07-Jan-12,2100,NET BANKING,08-Jan-12,11-Jan-12,11-Jan-12
837,5391,27-Jan-12,1350,CREDIT CARD,28-Jan-12,31-Jan-12,31-Jan-12
838,5437,13-Mar-12,4800,COD,14-Mar-12,17-Mar-12,17-Mar-12
839,5447,23-Mar-12,6750,NET BANKING,24-Mar-12,27-Mar-12,27-Mar-12
840,5925,14-Jul-13,29000,DEBIT CARD,15-Jul-13,18-Jul-13,18-Jul-13
841,5488,03-May-12,2100,COD,04-May-12,07-May-12,07-May-12
842,5582,05-Aug-12,6200,COD,06-Aug-12,09-Aug-12,09-Aug-12
843,5659,21-Oct-12,5050,CREDIT CARD,22-Oct-12,25-Oct-12,25-Oct-12
844,5124,05-May-11,4500,COD,06-May-11,09-May-11,09-May-11
845,5205,26-Jul-11,1150,COD,26-Jul-11,29-Jul-11,29-Jul-11
846,5249,07-Sep-11,2450,PAYPAL,08-Sep-11,11-Sep-11,11-Sep-11
847,5339,06-Dec-11,40000,DEBIT CARD,07-Dec-11,10-Dec-11,10-Dec-11
848,5363,30-Dec-11,29000,DEBIT CARD,31-Dec-11,03-Jan-12,03-Jan-12
849,5364,31-Dec-11,30000,NET BANKING,01-Jan-12,04-Jan-12,04-Jan-12
850,5428,04-Mar-12,1550,COD,05-Mar-12,08-Mar-12,08-Mar-12
851,5429,05-Mar-12,3600,PAYPAL,06-Mar-12,09-Mar-12,09-Mar-12
852,5479,24-Apr-12,1900,COD,25-Apr-12,28-Apr-12,28-Apr-12
853,5601,24-Aug-12,3800,CREDIT CARD,25-Aug-12,28-Aug-12,28-Aug-12
854,5674,05-Nov-12,36000,COD,06-Nov-12,09-Nov-12,09-Nov-12
855,5823,03-Apr-13,650,DEBIT CARD,04-Apr-13,07-Apr-13,07-Apr-13
856,5050,20-Feb-11,2700,PAYPAL,21-Feb-11,24-Feb-11,24-Feb-11
857,5127,08-May-11,1800,CREDIT CARD,09-May-11,12-May-11,12-May-11
858,5233,22-Aug-11,31000,COD,23-Aug-11,26-Aug-11,26-Aug-11
859,5617,09-Sep-12,2900,COD,10-Sep-12,13-Sep-12,13-Sep-12
860,5777,16-Feb-13,2900,COD,17-Feb-13,20-Feb-13,20-Feb-13
861,5911,30-Jun-13,650,CREDIT CARD,01-Jul-13,04-Jul-13,04-Jul-13
862,5432,08-Mar-12,19000,COD,09-Mar-12,12-Mar-12,12-Mar-12
863,5439,15-Mar-12,600,COD,16-Mar-12,19-Mar-12,19-Mar-12
864,5586,09-Aug-12,1020,NET BANKING,10-Aug-12,13-Aug-12,13-Aug-12
865,5919,08-Jul-13,2700,PAYPAL,09-Jul-13,12-Jul-13,12-Jul-13
866,5962,20-Aug-13,8500,PAYPAL,21-Aug-13,24-Aug-13,24-Aug-13
867,5359,26-Dec-11,4800,COD,27-Dec-11,30-Dec-11,30-Dec-11
868,5512,27-May-12,650,CREDIT CARD,28-May-12,31-May-12,31-May-12
869,5629,21-Sep-12,4800,DEBIT CARD,22-Sep-12,25-Sep-12,25-Sep-12
870,5827,07-Apr-13,52000,COD,08-Apr-13,11-Apr-13,10-Apr-13
871,5029,30-Jan-11,5900,DEBIT CARD,31-Jan-11,03-Feb-11,03-Feb-11
872,5062,02-Mar-11,1600,PAYPAL,05-Mar-11,08-Mar-11,08-Mar-11
873,5088,30-Mar-11,50000,NET BANKING,31-Mar-11,03-Apr-11,03-Apr-11
874,5345,12-Dec-11,4800,DEBIT CARD,13-Dec-11,16-Dec-11,16-Dec-11
875,5385,21-Jan-12,1400,COD,22-Jan-12,25-Jan-12,25-Jan-12
876,5746,16-Jan-13,2500,DEBIT CARD,17-Jan-13,20-Jan-13,20-Jan-13
877,5178,28-Jun-11,2100,COD,29-Jun-11,02-Jul-11,01-Jul-11
878,5142,23-May-11,2050,COD,24-May-11,27-May-11,27-May-11
879,5451,27-Mar-12,40500,PAYPAL,28-Mar-12,31-Mar-12,31-Mar-12
880,5756,26-Jan-13,650,CREDIT CARD,27-Jan-13,30-Jan-13,30-Jan-13
881,5776,15-Feb-13,650,DEBIT CARD,16-Feb-13,19-Feb-13,19-Feb-13
882,5893,12-Jun-13,1150,COD,13-Jun-13,16-Jun-13,16-Jun-13
883,5973,31-Aug-13,2300,CREDIT CARD,01-Sep-13,04-Sep-13,04-Sep-13
884,5986,12-Sep-13,6200,COD,14-Sep-13,17-Sep-13,17-Sep-13
885,5110,21-Apr-11,4500,NET BANKING,22-Apr-11,25-Apr-11,25-Apr-11
886,5211,31-Jul-11,2100,NET BANKING,01-Aug-11,04-Aug-11,04-Aug-11
887,5272,30-Sep-11,6200,PAYPAL,01-Oct-11,04-Oct-11,04-Oct-11
888,5309,06-Nov-11,500,COD,07-Nov-11,10-Nov-11,10-Nov-11
889,5608,31-Aug-12,650,NET BANKING,01-Sep-12,04-Sep-12,03-Sep-12
890,5858,08-May-13,21500,PAYPAL,09-May-13,12-May-13,12-May-13
891,5979,06-Sep-13,10000,NET BANKING,07-Sep-13,10-Sep-13,10-Sep-13
892,5303,31-Oct-11,650,CREDIT CARD,01-Nov-11,04-Nov-11,04-Nov-11
893,5588,11-Aug-12,800,NET BANKING,12-Aug-12,15-Aug-12,15-Aug-12
894,5939,28-Jul-13,1250,COD,29-Jul-13,01-Aug-13,01-Aug-13
895,5215,04-Aug-11,5050,CREDIT CARD,05-Aug-11,08-Aug-11,08-Aug-11
896,5668,30-Oct-12,5800,DEBIT CARD,31-Oct-12,03-Nov-12,03-Nov-12
897,5882,01-Jun-13,19000,COD,02-Jun-13,05-Jun-13,05-Jun-13
898,5922,11-Jul-13,1350,DEBIT CARD,12-Jul-13,15-Jul-13,15-Jul-13
899,5980,08-Sep-13,5800,NET BANKING,08-Sep-13,11-Sep-13,11-Sep-13
900,5132,13-May-11,650,COD,14-May-11,17-May-11,17-May-11
901,5145,26-May-11,4800,COD,27-May-11,30-May-11,30-May-11
902,5228,17-Aug-11,650,NET BANKING,18-Aug-11,21-Aug-11,21-Aug-11
903,5562,16-Jul-12,1150,COD,17-Jul-12,20-Jul-12,20-Jul-12
904,5689,20-Nov-12,900,PAYPAL,21-Nov-12,24-Nov-12,24-Nov-12
905,5716,17-Dec-12,5900,DEBIT CARD,18-Dec-12,21-Dec-12,21-Dec-12
906,5947,04-Aug-13,1400,COD,06-Aug-13,09-Aug-13,09-Aug-13
907,5274,02-Oct-11,41000,PAYPAL,03-Oct-11,06-Oct-11,06-Oct-11
908,5574,28-Jul-12,750,NET BANKING,29-Jul-12,01-Aug-12,01-Aug-12
909,5671,02-Nov-12,1250,COD,03-Nov-12,06-Nov-12,06-Nov-12
910,5744,14-Jan-13,30000,NET BANKING,15-Jan-13,18-Jan-13,18-Jan-13
911,5766,05-Feb-13,2300,COD,06-Feb-13,09-Feb-13,09-Feb-13
912,5007,08-Jan-11,40500,PAYPAL,09-Jan-11,12-Jan-11,12-Jan-11
913,5234,22-Aug-11,16000,COD,24-Aug-11,27-Aug-11,27-Aug-11
914,5319,16-Nov-11,2100,COD,17-Nov-11,20-Nov-11,20-Nov-11
915,5519,03-Jun-12,1400,CREDIT CARD,04-Jun-12,07-Jun-12,07-Jun-12
916,5533,17-Jun-12,5900,DEBIT CARD,18-Jun-12,21-Jun-12,21-Jun-12
917,5726,27-Dec-12,650,COD,28-Dec-12,31-Dec-12,31-Dec-12
918,5388,24-Jan-12,3200,PAYPAL,25-Jan-12,28-Jan-12,28-Jan-12
919,5732,02-Jan-13,3200,DEBIT CARD,03-Jan-13,06-Jan-13,06-Jan-13
920,5779,18-Feb-13,2200,PAYPAL,19-Feb-13,22-Feb-13,22-Feb-13
921,5018,19-Jan-11,48000,NET BANKING,20-Jan-11,23-Jan-11,23-Jan-11
922,5098,09-Apr-11,2200,CREDIT CARD,10-Apr-11,13-Apr-11,13-Apr-11
923,5321,18-Nov-11,16000,COD,19-Nov-11,22-Nov-11,22-Nov-11
924,5446,22-Mar-12,1250,COD,23-Mar-12,26-Mar-12,26-Mar-12
925,5520,04-Jun-12,1350,CREDIT CARD,05-Jun-12,08-Jun-12,08-Jun-12
926,5602,25-Aug-12,2200,CREDIT CARD,26-Aug-12,29-Aug-12,29-Aug-12
927,5938,27-Jul-13,2450,PAYPAL,28-Jul-13,31-Jul-13,31-Jul-13
928,5097,08-Apr-11,3800,CREDIT CARD,09-Apr-11,12-Apr-11,12-Apr-11
929,5153,03-Jun-11,4400,CREDIT CARD,04-Jun-11,07-Jun-11,07-Jun-11
930,5398,03-Feb-12,21500,PAYPAL,04-Feb-12,07-Feb-12,07-Feb-12
931,5409,14-Feb-12,6200,PAYPAL,15-Feb-12,18-Feb-12,18-Feb-12
932,5580,03-Aug-12,1900,COD,04-Aug-12,07-Aug-12,07-Aug-12
933,5704,05-Dec-12,7000,PAYPAL,06-Dec-12,09-Dec-12,09-Dec-12
934,5760,30-Jan-13,650,PAYPAL,31-Jan-13,03-Feb-13,03-Feb-13
935,5056,26-Feb-11,29000,DEBIT CARD,27-Feb-11,02-Mar-11,02-Mar-11
936,5273,01-Oct-11,8500,PAYPAL,02-Oct-11,05-Oct-11,05-Oct-11
937,5507,22-May-12,6750,NET BANKING,23-May-12,26-May-12,26-May-12
938,5518,02-Jun-12,1250,NET BANKING,03-Jun-12,06-Jun-12,06-Jun-12
939,5561,15-Jul-12,30000,NET BANKING,16-Jul-12,19-Jul-12,19-Jul-12
940,5581,04-Aug-12,5800,DEBIT CARD,05-Aug-12,08-Aug-12,08-Aug-12
941,5613,05-Sep-12,31000,COD,06-Sep-12,09-Sep-12,09-Sep-12
942,5852,02-May-13,4500,NET BANKING,03-May-13,06-May-13,06-May-13
943,5884,03-Jun-13,2050,COD,04-Jun-13,07-Jun-13,08-Jun-13
944,5885,04-Jun-13,2700,PAYPAL,05-Jun-13,08-Jun-13,08-Jun-13
945,5154,04-Jun-11,3800,PAYPAL,05-Jun-11,08-Jun-11,08-Jun-11
946,5449,25-Mar-12,36000,COD,26-Mar-12,29-Mar-12,29-Mar-12
947,5614,06-Sep-12,16000,COD,07-Sep-12,10-Sep-12,10-Sep-12
948,5805,16-Mar-13,4500,NET BANKING,17-Mar-13,20-Mar-13,20-Mar-13
949,5122,03-May-11,5900,DEBIT CARD,04-May-11,07-May-11,07-May-11
950,5250,08-Sep-11,1250,COD,09-Sep-11,12-Sep-11,12-Sep-11
951,5596,19-Aug-12,2200,PAYPAL,20-Aug-12,23-Aug-12,23-Aug-12
952,5734,04-Jan-13,19000,COD,05-Jan-13,08-Jan-13,08-Jan-13
953,5043,13-Feb-11,1550,COD,14-Feb-11,17-Feb-11,17-Feb-11
954,5547,01-Jul-12,1550,COD,02-Jul-12,05-Jul-12,05-Jul-12
955,5876,26-May-13,42500,DEBIT CARD,27-May-13,30-May-13,30-May-13
956,5978,05-Sep-13,750,NET BANKING,06-Sep-13,09-Sep-13,09-Sep-13
957,5277,05-Oct-11,5900,DEBIT CARD,06-Oct-11,09-Oct-11,09-Oct-11
958,5456,01-Apr-12,3500,DEBIT CARD,02-Apr-12,05-Apr-12,05-Apr-12
959,5494,09-May-12,38000,NET BANKING,10-May-12,13-May-12,13-May-12
960,5647,09-Oct-12,29000,DEBIT CARD,10-Oct-12,13-Oct-12,13-Oct-12
961,5665,27-Oct-12,500,PAYPAL,28-Oct-12,31-Oct-12,31-Oct-12
962,5861,11-May-13,41000,PAYPAL,12-May-13,15-May-13,15-May-13
963,5325,22-Nov-11,38000,NET BANKING,23-Nov-11,26-Nov-11,26-Nov-11
964,5338,05-Dec-11,4500,COD,06-Dec-11,09-Dec-11,09-Dec-11
965,5466,11-Apr-12,49000,NET BANKING,12-Apr-12,15-Apr-12,15-Apr-12
966,5478,23-Apr-12,500,COD,24-Apr-12,27-Apr-12,27-Apr-12
967,5713,14-Dec-12,41000,PAYPAL,15-Dec-12,18-Dec-12,18-Dec-12
968,5783,22-Feb-13,2100,NET BANKING,23-Feb-13,26-Feb-13,26-Feb-13
969,5840,20-Apr-13,36000,COD,21-Apr-13,24-Apr-13,24-Apr-13
970,5073,15-Mar-11,650,PAYPAL,16-Mar-11,19-Mar-11,19-Mar-11
971,5808,19-Mar-13,500,PAYPAL,20-Mar-13,23-Mar-13,23-Mar-13
972,5832,12-Apr-13,2200,CREDIT CARD,13-Apr-13,16-Apr-13,16-Apr-13
973,5977,04-Sep-13,650,CREDIT CARD,05-Sep-13,08-Sep-13,08-Sep-13
974,5296,24-Oct-11,5400,COD,25-Oct-11,28-Oct-11,28-Oct-11
975,5375,11-Jan-12,8500,NET BANKING,12-Jan-12,15-Jan-12,15-Jan-12
976,5505,20-May-12,2450,PAYPAL,21-May-12,24-May-12,24-May-12
977,5628,20-Sep-12,350,NET BANKING,21-Sep-12,24-Sep-12,24-Sep-12
978,5747,17-Jan-13,4400,CREDIT CARD,18-Jan-13,21-Jan-13,21-Jan-13
979,5857,07-May-13,34000,PAYPAL,08-May-13,11-May-13,11-May-13
980,5958,16-Aug-13,1460,COD,17-Aug-13,20-Aug-13,20-Aug-13
981,5969,27-Aug-13,40000,DEBIT CARD,28-Aug-13,31-Aug-13,31-Aug-13
982,5027,28-Jan-11,650,PAYPAL,29-Jan-11,01-Feb-11,01-Feb-11
983,5063,05-Mar-11,49000,NET BANKING,06-Mar-11,09-Mar-11,09-Mar-11
984,5096,07-Apr-11,2100,NET BANKING,08-Apr-11,11-Apr-11,12-Apr-11
985,5116,26-Apr-11,21500,PAYPAL,28-Apr-11,01-May-11,01-May-11
986,5642,04-Oct-12,16500,DEBIT CARD,05-Oct-12,08-Oct-12,08-Oct-12
987,5839,18-Apr-13,26000,NET BANKING,20-Apr-13,23-Apr-13,23-Apr-13
988,5863,13-May-13,650,PAYPAL,14-May-13,17-May-13,17-May-13
989,5275,03-Oct-11,650,PAYPAL,04-Oct-11,07-Oct-11,07-Oct-11
990,5550,04-Jul-12,3800,PAYPAL,05-Jul-12,08-Jul-12,08-Jul-12
991,5632,24-Sep-12,42500,DEBIT CARD,25-Sep-12,28-Sep-12,28-Sep-12
992,5707,08-Dec-12,900,PAYPAL,09-Dec-12,12-Dec-12,12-Dec-12
993,5813,24-Mar-13,2300,COD,25-Mar-13,28-Mar-13,28-Mar-13
994,5843,23-Apr-13,650,CREDIT CARD,24-Apr-13,27-Apr-13,27-Apr-13
995,5993,20-Sep-13,2100,COD,21-Sep-13,24-Sep-13,24-Sep-13
996,5108,19-Apr-11,1400,CREDIT CARD,20-Apr-11,23-Apr-11,23-Apr-11
997,5230,19-Aug-11,4900,NET BANKING,20-Aug-11,23-Aug-11,23-Aug-11
998,5464,09-Apr-12,3800,PAYPAL,10-Apr-12,13-Apr-12,13-Apr-12
999,5712,13-Dec-12,8500,PAYPAL,14-Dec-12,17-Dec-12,17-Dec-12
1000,5915,04-Jul-13,3800,PAYPAL,05-Jul-13,08-Jul-13,08-Jul-13
