CUSTOMER_DIM_ID,CUSTOMER_ID,Customer Name,CUSTOMER_LOGIN_ID,CUSTOMER_STREET_ADDRESS,CUSTOMER_CITY,CUSTOMER_STATE,CUSTOMER_ZIP,CUSTOMER_PHONE_NO
1,100078,Caldwell Wade,5078,"216-4377 Semper, St.",COLUMBUS,OHIO,94154,027-779-9608
2,100003,Fritz Grant,5003,Ap #897-7736 Egestas Av.,PHILADELPHIA,PENNSYLVANIA,65342,029-197-3614
3,100082,Graiden Oneill,5082,"P.O. Box 708, 7511 Vitae St.",BOSTON,MASSAACHUSETTS,95485,011-485-6145
4,100040,Caryn Doyle,5040,3258 Massa Avenue,NEW YORK,NEWYORK,92424,090-909-0118
5,100005,Tatyana Ball,5005,Ap #422-2469 Eget Rd.,HOUSTON,TEXAS,63842,093-567-5411
6,100097,Ignatius Mercer,5097,"366-698 Auctor, Avenue",PHOENIX,ARIZONA,98187,017-928-0125
7,100083,Danielle Wilcox,5083,7967 Lobortis. Street,PHILADELPHIA,PENNSYLVANIA,84107,025-225-3040
8,100010,Clio Middleton,5010,"P.O. Box 780, 390 Enim, Street",PHILADELPHIA,PENNSYLVANIA,63859,075-516-4398
9,100022,Angelica Lamb,5022,AP #580-4729 Cras Ave,COLUMBUS,OHIO,53848,065-434-0244
10,100084,Ebony Durham,5084,"9214 Ac, Ave",SAN DIEGO,CALIFORNIA,76584,003-620-6495
11,100024,Dora Zimmerman,5024,Ap #386-1113 Dignissim Ave,CHICAGO,ILLINOIS,73494,003-363-9672
12,100057,Edward Lopez,5057,"P.O. Box 523, 7323 Sagittis Avenue",PHOENIX,ARIZONA,53765,032-378-8856
13,100021,Nora Stuart,5021,7794 Elementum Av.,HOUSTON,TEXAS,79987,008-962-2784
14,100072,Ayanna Riddle,5072,Ap #865-2255 Vivamus Avenue,COLUMBUS,OHIO,96602,069-671-4776
15,100015,Timothy Mcdonald,5015,"P.O. Box 972, 4040 Eget Ave",SAN DIEGO,CALIFORNIA,59167,019-408-7488
16,100045,Darryl Ramirez,5045,425-9230 A Av.,Los Angeles,California,72180,013-892-4548
17,100002,Chantale Gardner,5002,"9257 Et, Rd.",LOS ANGELES,CALIFORNIA,58854,063-786-7948
18,100058,Chase Alston,5058,"P.O. Box 389,2586 Donec street",SAN FRANSISCO,California,71401,066-278-8493
19,100098,Shaine Good,5098,"P.O. Box 161, 4682 Rutrum Road",SAN DIEGO,CALIFORNIA,71455,057-662-4801
20,100032,Clinton Valenzuela,5032,8114 Imperdiet Av.,Los Angeles,California,61854,007-980-5252
21,100085,Linus Burns,5085,"624-8350 Non, Avenue",PHILADELPHIA,PENNSYLVANIA,80702,067-276-3075
22,100055,Julie Reyes,5055,"P.O. Box 712, 9486 Duis Rd.",DALLAS,TEXAS,89857,099-047-3325
23,100020,Hu Miller,5020,Ap #645-9860 Dolor Av.,PHOENIX,ARIZONA,59320,039-108-1190
24,100012,Yuri Dickerson,5012,7556 Odio. St.,PHOENIX,ARIZONA,98822,079-097-0405
25,100056,Fletcher Chang,5056,"P.O. Box 355, 9816 Phasellus Ave",BOSTON,MASSAACHUSETTS,73396,099-528-1665
26,100091,Kermit Garrett,5091,7052 Diam Avenue,CHICAGO,ILLINOIS,74486,092-398-7972
27,100004,Velma Mckenzie,5004,481-8520 Integer Av.,BOSTON,MASSAACHUSETTS,79215,090-736-2683
28,100080,Ginger Parsons,5080,Ap #656-5873 Tempor Street,NEW YORK,NEWYORK,96723,023-042-9491
29,100016,Charles Kline,5016,"P.O.Box 813, 1183 Eu Avenue",Los Angeles,California,59133,017-889-8768
30,100041,Hyatt Barrera,5041,7262 Accumsan Rd.,BOSTON,MASSAACHUSETTS,94212,044-423-9552
31,100034,Remedios Petty,5034,980-5548 Elit. Avenue,SAN ANTONIO,TEXAS,90974,023-898-5710
32,100030,Sandra Todd,5030,"7787 A, Ave",CHICAGO,ILLINOIS,81141,010-529-0359
33,100031,Flavia Peterson,5031,5619 Curabitur Rd.,COLUMBUS,OHIO,87353,001-474-7424
34,100063,Scarlet Burks,5063,"Ap #259-8013 Lectus, Av.",WASHINGTON,DISTRICT OF COLUMBIA,73209,059-640-8574
35,100074,Carly Parker,5074,9331 Ipsum. Ave,NEW YORK,NEWYORK,66948,016-408-0204
36,100000,Emerald Harris,5000,"Ap #995-9477 Ullamcorper, Av.",COLOUMBS,OHIO,70747,023-016-5644
37,100066,Remedios Webster,5066,"P.O. Box 313, 6496 Molestie Street",SAN DIEGO,CALIFORNIA,60332,016-001-0677
38,100043,Rose Parrish,5043,"P.O. Box 162, 1300 Aliquam St.",PHILADELPHIA,PENNSYLVANIA,75471,056-404-8577
39,100038,Adena Carrillo,5038,"797 Elementum, Ave",Los Angeles,California,59333,039-743-1239
40,100073,Noah Stephenson,5073,Ap #485-2857 Lobortis. Road,SAN FRANSISCO,CALIFORNIA,59496,048-167-8643
41,100029,Harrison Gillespie,5029,"P.O. Box 922, 5545 A, Rd.",WASHINGTON,DISTRICT OF COLUMBIA,95404,073-712-9491
42,100037,Lareina Peterson,5037,912-4636 Iaculis Av.,COLOUMBS,OHIO,90997,056-387-0122
43,100090,Robin Mcguire,5090,315-9402 Suspendisse St.,PHILADELPHIA,PENNSYLVANIA,83053,036-435-1094
44,100036,Chava Schwartz,5036,110-4723 Sit St.,SAN FRANSISCO,California,91197,059-361-4032
45,100065,Damian Norris,5065,"196-3699 Vulputate, St.",DALLAS,TEXAS,84667,039-271-0676
46,100033,Hiroko Harrell,5033,Ap #104-9204 At Rd.,SAN DIEGO,CALIFORNIA,74328,097-209-4846
47,100060,Vielka Rivers,5060,Ap #896-3479 Gravida Street,BOSTON,MASSAACHUSETTS,62030,068-761-3728
48,100014,Rylee Workman,5014,Ap #159-5761 Est. Rd.,AUSTIN,TEXAS,55053,076-939-8670
49,100052,Oprah Chaney,5052,1322 Tellus. Road,COLOUMBS,OHIO,76385,006-309-1285
50,100008,David Frost,5008,Ap #858-6674 Mauris Avenue ,COLUMBUS,OHIO,62070,088-142-7143
51,100089,Clark Powell,5089,3387 Tincidunt Rd.,HOUSTON,TEXAS,69538,090-125-1889
52,100059,Katelyn Garrison,5059,"P.O. Box 455, 3733 Eu, St.",LOS ANGELES,CALIFORNIA,80289,078-199-9828
53,100042,Leroy Pugh,5042,6658 Venenatis Rd.,AUSTIN,TEXAS,63417,050-412-9084
54,100044,Josiah Haynes,5044,"8730 Placerat, Av.",SAN DIEGO,CALIFORNIA,57183,026-354-2203
55,100068,Tana Blevins,5068,Ap #364-8638 Et Street,BOSTON,MASSAACHUSETTS,91583,081-828-4143
56,100061,Brett Harper,5061,723-7065 Ullamcorper. Street,SAN ANTONIO,TEXAS,61856,027-390-6715
57,100019,Gary Burt,5019,Ap #960-123 Massa. Road,SAN ANTONIO,TEXAS,76166,022-612-8382
58,100025,Debra Mcpherson,5025,"P.O.Box 469,4179 Penatibus St.",SAN DIEGO,California,86091,031-563-9227
59,100050,Shelley Brown,5050,895-9733 Lorem. St.,CHICAGO,ILLINOIS,56388,042-101-1645
60,100071,Elton Bright,5071,Ap #383-1238 Nunc Street,HOUSTON,TEXAS,58770,074-866-7560
61,100054,Athena Perry,5054,"P.O.BOX 464, 5139 Amet, Ave",Los Angeles,California,53572,024-044-3201
62,100100,Will Smith,5100,"P.O. Box 937, 5168 Etiam Street",DALLAS,TEXAS,85469,045-568-5206
63,100053,Garth Kirby,5053,906-7394 Suspendisse Avenue,DALLAS,TEXAS,61893,088-651-9741
64,100093,Idola Pennington,5093,3954 Nisi. Av.,SAN ANTONIO,TEXAS,94401,058-308-1663
65,100088,Gisela Mayer,5088,"P.O. Box 321, 4809 Mauris St.",SAN DIEGO,CALIFORNIA,60330,023-479-2802
66,100006,Alvin Burns,5006,111-9434 Molesite St.,PHOENIX,ARIZONA,91516,019-591-7578
67,100027,Hedy Buchanan,5027,605-4730 Magna Ave,LOS ANGELES,CALIFORNIA,75512,043-992-7132
68,100087,Lawrence Salinas,5087,"P.O. Box 937, 5168 Etiam Street",DALLAS,TEXAS,91557,021-550-0611
69,100047,Stewart Travis,5047,5144 Proin Rd.,SAN FRANSISCO,CALIFORNIA,96353,023-634-6938
70,100023,Anastasia Johns,5023,6998 ET Ave,PHOENIX,ARIZONA,90836,058-063-0929
71,100013,Demetrius Gross,5013,"P.O. Box 570, 3979 Gravida Street",WASHINGTON,DISTRICT OF COLUMBIA,88537,066-811-4849
72,100069,Joseph Mitchell,5069,3529 Faucibus Rd.,SAN DIEGO,CALIFORNIA,79245,017-557-0305
73,100049,Maris Howard,5049,Ap #588-9785 Quis St.,WASHINGTON,DISTRICT OF COLUMBIA,83979,050-538-9002
74,100028,Luke Vazquez,5028,Ap #909-745 Felis. Street,BOSTON,MASSAACHUSETTS,63256,018-647-2026
75,100081,Rhea Lloyd,5081,"P.O. Box 575, 6920 Molestie Road",SAN FRANSISCO,CALIFORNIA,70881,042-947-7633
76,100018,Kelsie Collins,5018,Ap #118-8592 Pellentesque St.,AUSTIN,TEXAS,61745,085-816-7013
77,100048,Steel Reese,5048,379-7440 Ultrices Rd.,COLOUMBS,OHIO,74475,083-387-4609
78,100099,Johny Depp,5099,7967 Lobortis. Street,NEW YORK,NEWYORK,81546,025-784-9658
79,100075,Libby Dyer,5075,155-2696 Dapibus Road,CHICAGO,ILLINOIS,54894,057-697-0776
80,100017,Ifeoma Hale,5017,731-1762 Cursus Street,COLOUMBS,OHIO,89417,017-496-6582
81,100001,Ulla Horn,5001,Ap #151-1091 Mi Av.,SAN FRANSISCO,CALIFORNIA,86582,012-415-2632
82,100094,Claudia Carter,5094,824-949412 Nascetur Rd.,BOSTON,MASSAACHUSETTS,53642,010-964-8851
83,100039,Jacob Clark,5039,"P.O. Box 564, 8404 Aliquam, Avenue",SAN ANTONIO,TEXAS,64520,005-679-1317
84,100026,Scarlett Chambers,5026,Ap #707-4072 Tristique Street,CHICAGO,ILLINOIS,97349,044-587-7998
85,100070,Igor Lucas,5070,Ap #771-8025 Luctus Street,CHICAGO,ILLINOIS,84677,069-893-2068
86,100064,Silas Figueroa,5064,"P.O. Box 594, 210 Lectus St.",NEW YORK,NEWYORK,69363,095-255-5040
87,100079,Echo Spence,5079,695-9651 Augue Ave,SAN ANTONIO,TEXAS,53631,003-026-4725
88,100076,Brennan Sweet,5076,Ap #588-2817 Orci. Av.,AUSTIN,TEXAS,68613,096-342-9104
89,100062,Christian Blackwell,5062,"P.O. Box 661, 1236 Sed Rd.",HOUSTON,TEXAS,84741,026-477-5940
90,100095,Harlan Zamora,5095,166-3018 Nascetur Rd.,AUSTIN,TEXAS,89725,020-852-4880
91,100011,Odette Patrick,5011,9357 Vivamus Ave,AUSTIN,TEXAS,63397,097-127-9336
92,100096,Gabriel Shields,5096,178-8027 Odio Street,WASHINGTON,DISTRICT OF COLUMBIA,53152,062-491-7871
93,100035,Sean Sargent,5035,Ap #164-1427 Amet St.,LOS ANGELES,CALIFORNIA,82007,042-689-5507
94,100067,Hillary Little,5067,"P.O. Box 177, 2809 Risus Ave", SAN JOSE,CALIFORNIA,71838,056-163-6019
95,100046,Orlando Richmond,5046,5633 Cursus. Av.,LOS ANGELES,CALIFORNIA,64240,092-339-0837
96,100009,Stacy Shaffer,5009,Ap #408-9193 Tempor Avenue,PHOENIX,ARIZONA,72958,045-539-2728
97,100077,Erich Cole,5077,7904 In Rd.,PHILADELPHIA,PENNSYLVANIA,86203,043-092-8286
98,100086,Tarik Taylor,5086,Ap #714-1849 Mauris Road,SAN FRANSISCO,CALIFORNIA,89339,035-181-5155
99,100092,Joshua Pratt,5092,Ap #372-3261 Tempus Rd.,DALLAS,TEXAS,73541,051-554-5149
100,100051,Montana Short,5051,8208 Purus. Rd.,NEW YORK,NEWYORK,74851,006-732-0898
101,100007,Colleen Church,5007,"6047 Felis, Av.",SAN JOSE,California,75165,002-509-8665
